Date	Query	IsImplicitIntent	Country	PopularityScore
2020-09-01	coronavirus worldometer	False	Romania	3
2020-09-01	scdhec	True	United States	1
2020-09-01	n95 mask coronavirus	False	United States	1
2020-09-01	parcelamento fgts mp 927	True	Brazil	28
2020-09-01	coronavirus colombia	False	United States	1
2020-09-01	covid update	False	New Zealand	4
2020-09-01	confinement france	True	France	1
2020-09-01	covid alabama	False	United States	1
2020-09-01	ffcra leave	True	United States	1
2020-09-01	is there a covid 19 vaccine	False	United States	1
2020-09-01	german coronavirus	False	United States	1
2020-09-01	gesundheitsamt würzburg	True	Germany	1
2020-09-01	johns hopkins coronavirus map	False	France	1
2020-09-01	positivity rate by state	True	United States	1
2020-09-01	direct ferries uk	True	United Kingdom	1
2020-09-01	droit de retrait coronavirus	False	France	1
2020-09-01	italie	True	France	1
2020-09-01	local coronavirus figures	False	United Kingdom	1
2020-09-01	coronavirus france	False	Canada	1
2020-09-01	covid act now	False	United States	1
2020-09-01	pcr covid	False	Brazil	1
2020-09-01	coronavirus colorado	False	United States	1
2020-09-01	covid update nz	False	New Zealand	2
2020-09-01	コロナウイルス　症状	False	Japan	1
2020-09-01	protocole sanitaire entreprise	True	France	2
2020-09-01	test covid bordeaux	False	France	1
2020-09-01	diarrhoea	True	United Kingdom	1
2020-09-01	is there a cure for the coronavirus	False	United States	1
2020-09-01	gesundheitsministerium hessen	True	Germany	1
2020-09-01	covid 6% cdc	False	United States	1
2020-09-01	hamilton county health department	True	United States	1
2020-09-01	ace2	True	United States	1
2020-09-01	sintomi covid19	False	Italy	2
2020-09-01	diabetes uk	True	United Kingdom	4
2020-09-01	state of washington coronavirus	False	United States	1
2020-09-01	cdc numbers covid	False	United States	1
2020-09-01	n95 mask	True	United States	1
2020-09-01	quais os sintomas do covid 19	False	Brazil	1
2020-09-01	coronavirus count	False	United States	1
2020-09-01	covid worldometer	False	New Zealand	2
2020-09-01	is there a vaccine for coronavirus	False	United States	1
2020-09-01	estadísticas covid 19 méxico	False	Mexico	1
2020-09-01	covid 6%	False	United States	1
2020-09-01	deco	True	Italy	1
2020-09-01	brainpop coronavirus	False	United States	1
2020-09-01	grammer ag intranet: coronavirus news	False	Germany	1
2020-09-01	confinement	True	France	1
2020-09-01	pandemia covid 19	False	Italy	1
2020-09-01	pa covid cases	False	United States	1
2020-09-01	dfe	True	United Kingdom	2
2020-09-01	best face masks for coronavirus ncov	False	United States	1
2020-09-01	virus update uk	True	United Kingdom	1
2020-09-01	curevac	True	United States	1
2020-09-01	masque coronavirus	False	Belgium	1
2020-09-01	rainha elizabeth	True	Brazil	2
2020-09-01	coronavirus counts	False	United States	1
2020-09-01	bonus pc covid	False	Italy	1
2020-09-01	santa clara county coronavirus dashboard	False	United States	1
2020-09-01	covid 6 percent	False	United States	1
2020-09-01	covid19 victoria	False	Australia	1
2020-09-01	breathing exercises	True	United States	1
2020-09-01	dfds ferries	True	United Kingdom	1
2020-09-01	gran canaria coronavirus	False	Germany	1
2020-09-01	n95 face masks	True	United States	1
2020-09-01	texas covid 19	False	United States	1
2020-09-01	doug ford	True	Canada	6
2020-09-01	cdc coronavirus update	False	United States	14
2020-09-01	covid 20	False	United States	1
2020-09-01	sardinia coronavirus	False	United Kingdom	1
2020-09-01	accd.vermont gov	True	United States	1
2020-09-01	covid19	False	New Zealand	7
2020-09-01	saque emergencial fgts	True	Brazil	10
2020-09-01	coronavirus covid 19 vaccine	False	United States	1
2020-09-01	is throwing up a symptom of coronavirus	False	United States	1
2020-09-01	covid canada update	False	Canada	2
2020-09-01	dettol spray	True	United Kingdom	1
2020-09-01	ffcra poster	True	United States	1
2020-09-01	n95 8511 coronavirus	False	United States	1
2020-09-01	covid carte france	False	France	1
2020-09-01	gran canaria coronavirus aktuell	False	Germany	1
2020-09-01	combien de cas de coronavirus en france	False	France	1
2020-09-01	sowerbys holiday cottages	True	United Kingdom	1
2020-09-01	senate republicans coronavirus stimulus bill	False	United States	1
2020-09-01	guido kaczka coronavirus	False	Argentina	1
2020-09-01	covid 2	False	United States	1
2020-09-01	tyee middle school	True	United States	1
2020-09-01	ontario covid 19	False	Canada	3
2020-09-01	coronavirus death toll	False	Canada	1
2020-09-01	ses rs	True	Brazil	1
2020-09-01	coronavirus covid-19	False	United States	1
2020-09-01	dettol	True	United Kingdom	1
2020-09-01	protocole sanitaire ecole	True	France	1
2020-09-01	bolsonaro	True	Germany	1
2020-09-01	covid19 nz	False	New Zealand	2
2020-09-01	coronavirus statistics australia	False	Australia	1
2020-09-01	coronavirus salamanca	False	Spain	1
2020-09-01	h1n1 coronavirus	False	Germany	1
2020-09-01	covid 19.ca.gov	False	United States	1
2020-09-01	coronavirus mallorca	False	Spain	1
2020-09-01	aberdeen proving grounds maryland	True	United States	1
2020-09-01	is vomiting a symptom of coronavirus	False	United States	1
2020-09-01	derek draper	True	United Kingdom	1
2020-09-01	n list covid	False	United States	1
2020-09-01	covid 19 worldwide	False	United States	1
2020-09-01	covid states map	False	United States	1
2020-09-01	sintomas covid	False	Brazil	2
2020-09-01	coronavirus ct	False	United States	1
2020-09-01	face masks nz	True	New Zealand	7
2020-09-01	data.cms.gov covid-19 nursing home data	False	United States	1
2020-09-01	isdh	True	United States	1
2020-09-01	cns luxembourg	True	France	1
2020-09-01	n dakota coronavirus	False	United States	1
2020-09-01	que es covid 19	False	Mexico	2
2020-09-01	halsschmerzen coronavirus	False	Germany	1
2020-09-01	chlorine dioxide	True	United States	1
2020-09-01	denplan uk	True	United Kingdom	1
2020-09-01	state of wyoming	True	United States	1
2020-09-01	covid 19 worldometer	False	United States	1
2020-09-01	bonus pc come richiederlo	True	Italy	1
2020-09-01	masque adidas coronavirus	False	France	1
2020-09-01	denplan	True	United Kingdom	1
2020-09-01	coronavirus portugal	False	Portugal	1
2020-09-01	sintomas covid 19	False	Brazil	14
2020-09-01	coronavirus cure	False	United States	1
2020-09-01	covid19 update	False	Australia	1
2020-09-01	john hopkins coronavirus map	False	New Zealand	1
2020-09-01	isdh coronavirus	False	United States	1
2020-09-01	covid 19 world statistics	False	United States	1
2020-09-01	visors for coronavirus	False	United Kingdom	1
2020-09-01	doh coronavirus update	False	United States	1
2020-09-01	hapag-lloyd cruises	True	Germany	1
2020-09-01	vermont coronavirus restrictions	False	United States	1
2020-09-01	abcmouse free	True	United States	1
2020-09-01	n 95 respirator face mask	True	United States	1
2020-09-01	sistema puglia	True	Italy	4
2020-09-01	cdc coronavirus symptoms	False	United States	1
2020-09-01	utah coronavirus update	False	United States	1
2020-09-01	denmark coronavirus	False	United Kingdom	1
2020-09-01	guido kaczka	True	Argentina	27
2020-09-01	sintomas covid 19 iniciais	False	Brazil	1
2020-09-01	coronavirus curve	False	United States	1
2020-09-01	ingreso minimo vital	True	Spain	2
2020-09-01	cipav aide covid 19	False	France	1
2020-09-01	covid 19 wisconsin	False	United States	1
2020-09-01	新型コロナウイルス　厚生労働省	False	Japan	1
2020-09-01	how to tell if you have coronavirus	False	United States	1
2020-09-01	gouvernement.fr	True	France	1
2020-09-01	harald lesch	True	Germany	1
2020-09-01	coronavirus dans le monde	False	Canada	1
2020-09-01	debenhams uk	True	United Kingdom	25
2020-09-01	johns hopkins coronavirus dashboard	False	New Zealand	2
2020-09-01	isdh coronavirus dashboard	False	United States	1
2020-09-01	protocole sanitaire covid 19 entreprise	False	France	1
2020-09-01	filters for masks covid	False	United States	1
2020-09-01	myunemployment nj gov	True	United States	2
2020-09-01	rebekah jones	True	United States	1
2020-09-01	sintomas da covid 19	False	Brazil	2
2020-09-01	coronavirus daily deaths	False	United States	1
2020-09-01	covid 19 wikipedia	False	United States	1
2020-09-01	texas covid	False	United States	1
2020-09-01	deaths today coronavirus uk	False	United Kingdom	1
2020-09-01	coronavirus en francia	False	Spain	1
2020-09-01	duer	True	France	1
2020-09-01	covid19 usa	False	United States	1
2020-09-01	hauser reisen rottweil	True	Germany	1
2020-09-01	abc mouse free subscription	True	United States	1
2020-09-01	georgia unemployment filing	True	United States	1
2020-09-01	mysedgwick.com/walmart	True	United States	1
2020-09-01	covid 19 washington state	False	United States	1
2020-09-01	test rápido covid 19	False	Spain	1
2020-09-01	california covid cases	False	United States	1
2020-09-01	chômage partiel covid 19	False	France	1
2020-09-01	ministère des affaires étrangères belgique	True	Belgium	10
2020-09-01	sintomas de covid 19	False	Brazil	2
2020-09-01	coronavirus daily statistics	False	United States	1
2020-09-01	deaths today coronavirus	False	United Kingdom	1
2020-09-01	lloyds travel insurance	True	United Kingdom	1
2020-09-01	masks for coronavirus	False	New Zealand	2
2020-09-01	coronavirus france	False	Switzerland	3
2020-09-01	cnn coronavirus	False	United States	1
2020-09-01	covid states	False	United States	1
2020-09-01	heinsberg	True	Germany	1
2020-09-01	covid 19 montreal	False	Canada	1
2020-09-01	covid herault	False	France	1
2020-09-01	covid saskatchewan	False	Canada	2
2020-09-01	israel coronavirus	False	United States	1
2020-09-01	covid 19 virus	False	United States	1
2020-09-01	tuto masque	True	France	1
2020-09-01	ontario covid 19 cases	False	Canada	1
2020-09-01	waitrose	True	United Kingdom	16
2020-09-01	sintomas do covid	False	Brazil	1
2020-09-01	coronavirus dashboard	False	United States	1
2020-09-01	deaths in usa from coronavirus	False	United Kingdom	1
2020-09-01	shelby county health department	True	United States	1
2020-09-01	bonus pc 2020	True	Italy	2
2020-09-01	abby huntsman	True	United States	1
2020-09-01	hidalgo county	True	United States	1
2020-09-01	covid 19 chihuahua	False	Mexico	1
2020-09-01	heute.de	True	Germany	2
2020-09-01	myrtle beach coronavirus	False	United States	1
2020-09-01	best hand sanitizer for coronavirus	False	United States	1
2020-09-01	chômage partiel	True	France	1
2020-09-01	covid 19 virginia	False	United States	1
2020-09-01	covid19 symptoms	False	Australia	1
2020-09-01	masks nz	True	New Zealand	3
2020-09-01	covid19	False	Canada	5
2020-09-01	deaths in uk from coronavirus today	False	United Kingdom	1
2020-09-01	sintomas do covid 19	False	Brazil	2
2020-09-01	coronavirus data	False	United States	1
2020-09-01	arizona covid dashboard	False	United States	1
2020-09-01	cdc coronavirus statistics	False	United States	1
2020-09-01	israel coronavirus schools	False	United States	1
2020-09-01	vic covid cases	False	Australia	2
2020-09-01	coronavirus stats	False	Australia	2
2020-09-01	state travel restrictions coronavirus	False	United States	1
2020-09-01	hildesheimer allgemeine zeitung	True	Germany	2
2020-09-01	covid francia oggi	False	Italy	1
2020-09-01	financial aid coronavirus	False	United States	1
2020-09-01	covid 19 ventura county	False	United States	1
2020-09-01	oneida county coronavirus	False	United States	1
2020-09-01	deaths in uk from coronavirus	False	United Kingdom	1
2020-09-01	renovación carnet de conducir	True	Spain	1
2020-09-01	aruba travel restrictions	True	United States	1
2020-09-01	mychart cvs	True	United States	1
2020-09-01	teste covid	False	Brazil	1
2020-09-01	coronavirus data analysis	False	United States	1
2020-09-01	esmeralda mitre covid	False	Argentina	2
2020-09-01	abbott rapid test	True	United States	1
2020-09-01	ministry of health	True	New Zealand	25
2020-09-01	protocole sanitaire covid 19	False	France	3
2020-09-01	quarantäne schweiz	True	Switzerland	1
2020-09-01	coronavirus update	False	Fiji	1
2020-09-01	https://geolic.net/covid19-risk-areas/	False	Germany	1
2020-09-01	coronavirus in calabria	False	Italy	1
2020-09-01	chèque vacances haut de france	True	France	1
2020-09-01	nsw covid update	False	Australia	12
2020-09-01	covid 19 vaccines	False	United States	1
2020-09-01	israel coronavirus update	False	United States	1
2020-09-01	deaths from coronavirus	False	United Kingdom	1
2020-09-01	russia vaccine	True	United States	1
2020-09-01	my pillow guy	True	United States	1
2020-09-01	teste covid 19	False	Brazil	1
2020-09-01	coronavirus death	False	United States	1
2020-09-01	coronavirus cuba	False	Canada	1
2020-09-01	suspicion covid 19	False	France	1
2020-09-01	covid 19 vaccine updates	False	United States	1
2020-09-01	northlink ferries	True	United Kingdom	1
2020-09-01	nz covid	False	New Zealand	2
2020-09-01	worldometer coronavirus	False	Nigeria	1
2020-09-01	hurtigruten	True	Germany	1
2020-09-01	spain coronavirus	False	United Kingdom	1
2020-09-01	situazione coronavirus	False	Italy	1
2020-09-01	covid 19 symptoms	False	Jamaica	43
2020-09-01	death toll coronavirus uk	False	United Kingdom	1
2020-09-01	isu covid	False	United States	1
2020-09-01	delaware unemployment	True	United States	1
2020-09-01	abbott rapid covid test	False	United States	1
2020-09-01	muskogee creek nation	True	United States	1
2020-09-01	teste rápido covid 19	False	Brazil	1
2020-09-01	coronavirus death rate	False	United States	1
2020-09-01	coronavirus	False	Costa Rica	1
2020-09-01	wakefield council	True	United Kingdom	1
2020-09-01	covid 19 vaccine update	False	United States	1
2020-09-01	texas coronavirus update today	False	United States	1
2020-09-01	ohio covid map by counties	False	United States	1
2020-09-01	hurtigruten coronavirus	False	Germany	1
2020-09-01	david walliams	True	United Kingdom	1
2020-09-01	chu rouen	True	France	1
2020-09-01	covid 19 update alberta	False	Canada	2
2020-09-01	bonus pc	True	Italy	9
2020-09-01	covid 19 vaccine trials	False	United States	1
2020-09-01	georgia tech covid	False	United States	1
2020-09-01	nz covid update	False	New Zealand	2
2020-09-01	us covid death toll	False	United States	1
2020-09-01	vacina coronavirus	False	Brazil	2
2020-09-01	coronavirus death toll	False	United States	1
2020-09-01	david lloyd	True	United Kingdom	2
2020-09-01	finger lickin' good coronavirus kfc	False	United States	1
2020-09-01	italy coronavirus	False	United States	1
2020-09-01	muscogee creek nation	True	United States	1
2020-09-01	cdc updates covid deaths	False	United States	1
2020-09-01	häusliche quarantäne	True	Germany	1
2020-09-01	goodlife fitness	True	Canada	19
2020-09-01	cdc coronavirus numbers	False	United States	1
2020-09-01	covid 19 vaccine progress	False	United States	1
2020-09-01	daishs coach holidays 2020	True	United Kingdom	1
2020-09-01	covid19	False	Australia	4
2020-09-01	ontario covid 19 update	False	Canada	37
2020-09-01	lloyds business banking	True	United Kingdom	5
2020-09-01	cuidar permiso	True	Argentina	9
2020-09-01	vacina covid	False	Brazil	3
2020-09-01	coronavirus death toll usa	False	United States	1
2020-09-01	bulgarien coronavirus	False	Germany	1
2020-09-01	abbott rapid coronavirus test	False	United States	1
2020-09-01	covid 19 vaccine news	False	United States	1
2020-09-01	cdc covid19	False	United States	1
2020-09-01	que es el coronavirus	False	Mexico	16
2020-09-01	hövelhof	True	Germany	1
2020-09-01	murrieta valley high school	True	United States	1
2020-09-01	how do you say coronavirus in chinese	False	United States	1
2020-09-01	chu caen	True	France	1
2020-09-01	nzta	True	New Zealand	100
2020-09-01	italy coronavirus update	False	United States	1
2020-09-01	masque adidas covid	False	France	1
2020-09-01	doineedacovid19test	False	United States	1
2020-09-01	daily deaths from coronavirus in uk	False	United Kingdom	1
2020-09-01	vacina covid 19	False	Brazil	13
2020-09-01	coronavirus death usa	False	United States	1
2020-09-01	protocole national covid	False	France	1
2020-09-01	irene montero	True	Spain	1
2020-09-01	covid 19 vaccine	False	United States	1
2020-09-01	ministère des affaires étrangères coronavirus	False	Belgium	2
2020-09-01	symptomes covid 19	False	France	1
2020-09-01	ihk karlsruhe	True	Germany	1
2020-09-01	coronavirus ultimas noticias	False	Spain	1
2020-09-01	hamilton county coronavirus	False	United States	1
2020-09-01	covid19 update	False	United States	1
2020-09-01	coronavirus count	False	Canada	1
2020-09-01	daily covid deaths uk	False	United Kingdom	1
2020-09-01	wakehurst	True	United Kingdom	1
2020-09-01	courbe coronavirus	False	France	1
2020-09-01	mulan release delayed	True	United States	1
2020-09-01	vacina russa	True	Brazil	1
2020-09-01	coronavirus deaths	False	United States	1
2020-09-01	one news	True	New Zealand	12
2020-09-01	新型コロナウイルス　東京	False	Japan	1
2020-09-01	décret 2020-860	True	France	1
2020-09-01	cdc report on covid deaths	False	United States	1
2020-09-01	covid	False	Romania	7
2020-09-01	immunsystem stärken	True	Germany	1
2020-09-01	abbott id now	True	United States	1
2020-09-01	italy covid	False	United States	1
2020-09-01	covid 19 va	False	United States	1
2020-09-01	situazione coronavirus in italia oggi	False	Italy	1
2020-09-01	daily coronavirus update	False	United Kingdom	1
2020-09-01	how to volunteer for covid vaccine trial	False	United States	1
2020-09-01	christophe	True	France	1
2020-09-01	mt coronavirus update	False	United States	1
2020-09-01	worldometer coronavírus	False	Brazil	1
2020-09-01	coronavirus deaths by age group	False	United States	1
2020-09-01	santa clara county coronavirus	False	United States	1
2020-09-01	finland coronavirus	False	United States	1
2020-09-01	covid 19 utah	False	United States	1
2020-09-01	coronavirus supplement	False	Australia	2
2020-09-01	symptoms of covid 19	False	New Zealand	2
2020-09-01	impfstoff coronavirus	False	Germany	2
2020-09-01	states reopening	True	United States	1
2020-09-01	covid 19 face mask for sale	False	Spain	1
2020-09-01	pontins pakefield	True	United Kingdom	1
2020-09-01	italy covid 19	False	United States	1
2020-09-01	daily coronavirus deaths uk	False	United Kingdom	1
2020-09-01	california covid color map	False	United States	1
2020-09-01	covid cases	False	Canada	3
2020-09-01	mt coronavirus	False	United States	1
2020-09-01	worldometers coronavirus	False	Brazil	1
2020-09-01	coronavirus deaths by country	False	United States	1
2020-09-01	texas coronavirus update	False	United States	1
2020-09-01	best mask for coronavirus	False	United States	1
2020-09-01	covid 19 usa update	False	United States	1
2020-09-01	bonus nonni come funziona	True	Italy	1
2020-09-01	tx coronavirus update	False	United States	1
2020-09-01	pa covid 19 update	False	United States	1
2020-09-01	impfung gegen lungenentzündung	True	Germany	1
2020-09-01	vermont coronavirus travel map	False	United States	1
2020-09-01	abbott covid test	False	United States	1
2020-09-01	czech republic coronavirus	False	United Kingdom	1
2020-09-01	cdc coronavirus map	False	United States	1
2020-09-01	covid worldometer	False	Australia	2
2020-09-01	covid state travel restrictions	False	United States	1
2020-09-01	dati covid oggi	False	Italy	1
2020-09-01	johns hopkins coronavirus dashboard	False	China	3
2020-09-01	curative covid test	False	United States	1
2020-09-01	coronavirus deaths by state	False	United States	1
2020-09-01	wage subsidy	True	New Zealand	11
2020-09-01	christian perronne	True	France	1
2020-09-01	itasca county covid 19 cases	False	United States	1
2020-09-01	covid 19 usa deaths	False	United States	1
2020-09-01	msn state by state coronavirus	False	United States	1
2020-09-01	cyprus news coronavirus	False	United Kingdom	1
2020-09-01	impots.gouv.fr	True	Germany	1
2020-09-01	john hopkins coronavirus map	False	France	1
2020-09-01	wakehurst place	True	United Kingdom	1
2020-09-01	coronavirus en suisse	False	Switzerland	1
2020-09-01	ontario covid 19 update today	False	Canada	5
2020-09-01	hazen high school	True	United States	1
2020-09-01	protocole entreprise covid	False	France	1
2020-09-01	covid 19 usa cases	False	United States	1
2020-09-01	covid 19 update	False	Ethiopia	1
2020-09-01	spain coronavirus news	False	United Kingdom	1
2020-09-01	coronavirus deaths california	False	United States	1
2020-09-01	cuidar covid 19	False	Argentina	2
2020-09-01	wage subsidy nz	True	New Zealand	2
2020-09-01	cyprus news	True	United Kingdom	1
2020-09-01	cnn coronavirus map	False	United States	1
2020-09-01	first signs of coronavirus	False	United States	1
2020-09-01	lloyds bounce back loan	True	United Kingdom	1
2020-09-01	inkubationszeit coronavirus	False	Germany	1
2020-09-01	zone verte covid	False	France	1
2020-09-01	abbott covid	False	United States	1
2020-09-01	msdh coronavirus	False	United States	1
2020-09-01	ivermectin coronavirus	False	United States	1
2020-09-01	covid 19 usa	False	United States	1
2020-09-01	rapid covid testing in massachusetts	False	United States	1
2020-09-01	christian estrosi	True	France	1
2020-09-01	coronavirus cases by country	False	Canada	1
2020-09-01	covid 19 espagne	False	France	1
2020-09-01	coronavirus deaths in iran	False	United States	1
2020-09-01	cyprus flight pass	True	United Kingdom	2
2020-09-01	situation covid 19	False	France	1
2020-09-01	covid 19 us deaths today	False	United States	1
2020-09-01	worldometer coronavirus	False	New Zealand	20
2020-09-01	john hopkins coronavirus	False	Canada	1
2020-09-01	cvs my chart	True	United States	1
2020-09-01	inkubationszeit covid 19	False	Germany	1
2020-09-01	abono transporte madrid	True	Spain	1
2020-09-01	georgia tech coronavirus cases	False	United States	1
2020-09-01	www.bag-coronavirus ch	False	Switzerland	1
2020-09-01	cyprus covid	False	United Kingdom	1
2020-09-01	ivermectin covid	False	United States	1
2020-09-01	covid 19 us	False	United States	1
2020-09-01	situazione covid	False	Italy	1
2020-09-01	coronavirus statistics	False	China	13
2020-09-01	新型コロナウイルス　沖縄	False	Japan	1
2020-09-01	coronavirus deaths in the united states	False	United States	1
2020-09-01	cyprus coronavirus update	False	United Kingdom	1
2020-09-01	wakehurst place sussex	True	United Kingdom	1
2020-09-01	ivermectin for covid 19	False	United States	1
2020-09-01	cdc coronavirus guidelines	False	United States	1
2020-09-01	ms dept of health coronavirus	False	United States	1
2020-09-01	scarborough news	True	United Kingdom	1
2020-09-01	interaktive karte coronavirus	False	Germany	1
2020-09-01	abbott coronavirus test	False	United States	1
2020-09-01	covid 19 updates usa	False	United States	1
2020-09-01	doineedacovid19test.com	False	United States	1
2020-09-01	bonus covid 19	False	Italy	1
2020-09-01	chomage partiel covid 19	False	France	1
2020-09-01	moniteur belge	True	Belgium	14
2020-09-01	herman cain twitter covid	False	United States	1
2020-09-01	covid state map	False	United States	1
2020-09-01	first symptoms of coronavirus	False	United States	1
2020-09-01	coronavirus deaths in us	False	United States	1
2020-09-01	cyprus coronavirus	False	United Kingdom	1
2020-09-01	states requiring quarantine	True	United States	1
2020-09-01	covid western australia	False	Australia	1
2020-09-01	texas coronavirus statistics	False	United States	1
2020-09-01	ms dept of health	True	United States	1
2020-09-01	united kingdom coronavirus cases	False	United States	1
2020-09-01	ischgl	True	Germany	1
2020-09-01	polk county texas coronavirus cases	False	United States	1
2020-09-01	cdc quarantine recommendations	True	United States	1
2020-09-01	vic covid cases today	False	Australia	1
2020-09-01	jack ma	True	United States	1
2020-09-01	hr one stop	True	United States	1
2020-09-01	covid 19 updates ohio	False	United States	1
2020-09-01	currys pc world	True	United Kingdom	43
2020-09-01	cuidar	True	Argentina	10
2020-09-01	chelan douglas health department	True	United States	1
2020-09-01	coronavirus deaths in us 2020	False	United States	1
2020-09-01	protocole entreprise coronavirus	False	France	1
2020-09-01	august 13 coronavirus news	False	United States	1
2020-09-01	ontario covid cases	False	Canada	6
2020-09-01	jcyl	True	Spain	3
2020-09-01	covid sask	False	Canada	1
2020-09-01	bradykinin storm	True	United States	1
2020-09-01	italien coronavirus	False	Germany	1
2020-09-01	a systematic coronavirus	False	United States	1
2020-09-01	northern trains	True	United Kingdom	1
2020-09-01	movies to watch during quarantine	True	United States	1
2020-09-01	covid 19 updates	False	United States	1
2020-09-01	chomage partiel covid	False	France	1
2020-09-01	coronavirus cases	False	Canada	2
2020-09-01	covid19	False	France	1
2020-09-01	jamaica coronavirus	False	United States	1
2020-09-01	utah covid	False	United States	1
2020-09-01	coronavirus deaths massachusetts	False	United States	1
2020-09-01	prayers for coronavirus	False	United States	1
2020-09-01	wales coronavirus	False	United Kingdom	1
2020-09-01	cunard cruises	True	United Kingdom	1
2020-09-01	décret covid	False	France	1
2020-09-01	coronavirus supplement payment	False	Australia	1
2020-09-01	que es el covid	False	Mexico	2
2020-09-01	italien reisen coronavirus	False	Germany	1
2020-09-01	covid 19 update worldometer	False	United States	1
2020-09-01	qanon	True	United States	3
2020-09-01	covid portugal	False	France	1
2020-09-01	oneida county health department wi	True	United States	1
2020-09-01	cunard	True	United Kingdom	1
2020-09-01	masque breton	True	France	1
2020-09-01	covid germania	False	Italy	1
2020-09-01	most comfortable face mask	True	United States	1
2020-09-01	lloyds bank travel insurance	True	United Kingdom	1
2020-09-01	coronavirus deaths rise	False	United States	1
2020-09-01	jamaica coronavirus update	False	United States	1
2020-09-01	94% of covid deaths	False	United States	1
2020-09-01	covid 19 update wisconsin	False	United States	1
2020-09-01	cruise news	True	United Kingdom	1
2020-09-01	bonus computer coronavirus	False	Italy	1
2020-09-01	first symptoms of covid 19	False	United States	1
2020-09-01	italien risikogebiet	True	Germany	1
2020-09-01	twitter coronavirus	False	France	1
2020-09-01	mortgage relief program 2020	True	United States	1
2020-09-01	chomage partiel	True	France	2
2020-09-01	jamaica covid	False	United States	1
2020-09-01	redundancy	True	United Kingdom	1
2020-09-01	georgia schools reopening	True	United States	1
2020-09-01	imagenes del coronavirus	False	Mexico	3
2020-09-01	covid 19 québec	False	Canada	5
2020-09-01	covid19 tracker	False	United States	1
2020-09-01	coronavirus deaths us	False	United States	1
2020-09-01	situazione covid italia	False	Italy	1
2020-09-01	covid 19 update utah	False	United States	1
2020-09-01	best masks for coronavirus	False	United States	1
2020-09-01	cruise and maritime	True	United Kingdom	1
2020-09-01	covid victoria update	False	Australia	3
2020-09-01	coronavirus update	False	Jamaica	72
2020-09-01	its reisen	True	Germany	2
2020-09-01	coronavirus	False	Japan	1
2020-09-01	coronavirus aktuelle zahlen	False	Switzerland	1
2020-09-01	covid 19 update usa	False	United States	1
2020-09-01	covid-19	False	Hong Kong	11
2020-09-01	新型コロナウイルス　熊本県	False	Japan	1
2020-09-01	mortgage moratorium	True	United States	1
2020-09-01	94% covid	False	United States	1
2020-09-01	jamaica covid 19 update	False	United States	1
2020-09-01	wales coronavirus update	False	United Kingdom	1
2020-09-01	coronavirus deaths usa	False	United States	1
2020-09-01	texas coronavirus dashboard	False	United States	1
2020-09-01	cdc coronavirus deaths update	False	United States	1
2020-09-01	cruise 1st	True	United Kingdom	1
2020-09-01	covid hoy	False	Argentina	1
2020-09-01	spain coronavirus update	False	United Kingdom	3
2020-09-01	delta cancellation policy	True	United States	1
2020-09-01	jena coronavirus	False	Germany	1
2020-09-01	mortgage forbearance covid	False	United States	1
2020-09-01	chloroquine	True	France	1
2020-09-01	covid 19	False	Romania	7
2020-09-01	covid 19 update us	False	United States	1
2020-09-01	tx coronavirus	False	United States	1
2020-09-01	california covid map	False	United States	1
2020-09-01	states requiring quarantine upon arrival	True	United States	1
2020-09-01	coronavirus canada	False	Canada	7
2020-09-01	fl coronavirus	False	United States	1
2020-09-01	coronavirus definition	False	United States	1
2020-09-01	cronavirus	False	United Kingdom	1
2020-09-01	coronavirus hoy	False	Spain	1
2020-09-01	ontario covid cases today	False	Canada	4
2020-09-01	bundesministerium für gesundheit coronavirus	False	Germany	1
2020-09-01	jamaica travel restriction	True	United States	1
2020-09-01	russian covid 19 vaccine	False	United States	1
2020-09-01	jenaer nachrichten	True	Germany	1
2020-09-01	covid-19	False	Japan	6
2020-09-01	covid 19 update today	False	United States	1
2020-09-01	covid spain	False	United States	1
2020-09-01	protocole de deconfinement	True	France	1
2020-09-01	91-divoc	True	United States	1
2020-09-01	hronestop	True	United States	1
2020-09-01	ny times covid	False	United States	1
2020-09-01	mortality rate of coronavirus	False	United States	1
2020-09-01	imss cursos	True	Mexico	8
2020-09-01	coronavirus disease 2019	False	United States	1
2020-09-01	crohn's and colitis uk	True	United Kingdom	1
2020-09-01	my fgtb	True	Belgium	5
2020-09-01	jamcovid19.moh.gov.jm	False	United States	1
2020-09-01	covid 19 update texas	False	United States	1
2020-09-01	gouvernement covid	False	France	1
2020-09-01	croatia coronavirus update	False	United Kingdom	1
2020-09-01	jens spahn	True	Germany	3
2020-09-01	chine coronavirus	False	France	1
2020-09-01	sd dept of health	True	United States	1
2020-09-01	doineedacovit19test	False	United States	1
2020-09-01	bonus computer	True	Italy	4
2020-09-01	coronavirus update	False	Thailand	63
2020-09-01	covid 19	False	Mexico	22
2020-09-01	cdc updates on coronavirus	False	United States	1
2020-09-01	covid victoria	False	Australia	13
2020-09-01	walsall manor hospital	True	United Kingdom	1
2020-09-01	coronavirus disease 2019 prevention	False	United States	1
2020-09-01	james madison university covid	False	United States	1
2020-09-01	vermont coronavirus update	False	United States	1
2020-09-01	covid 19 update statistics	False	United States	1
2020-09-01	smart working	True	Italy	3
2020-09-01	www.gov.bw	True	Botswana	38
2020-09-01	covid cases alberta	False	Canada	1
2020-09-01	jessen	True	Germany	1
2020-09-01	croatia coronavirus	False	United Kingdom	1
2020-09-01	liverpool university	True	United Kingdom	1
2020-09-01	9000 covid deaths	False	United States	1
2020-09-01	1177	True	Sweden	38
2020-09-01	peru coronavirus	False	United States	1
2020-09-01	fl coronavirus cases	False	United States	1
2020-09-01	covid en argentina	False	Argentina	1
2020-09-01	northern rail	True	United Kingdom	1
2020-09-01	montgomery county texas	True	United States	1
2020-09-01	halloween masks for covid	False	United States	1
2020-09-01	coronavirus en costa rica	False	United States	1
2020-09-01	santa barbara county coronavirus	False	United States	1
2020-09-01	chiffres covid france	False	France	1
2020-09-01	covid 19 update pa	False	United States	1
2020-09-01	james madison university covid 19	False	United States	1
2020-09-01	crete coronavirus update	False	United Kingdom	1
2020-09-01	texas coronavirus cases	False	United States	1
2020-09-01	jhu covid 19 map	False	Germany	1
2020-09-01	georgia news	True	United States	1
2020-09-01	covid 19 canada update	False	Canada	1
2020-09-01	covid 19 update ny	False	United States	1
2020-09-01	aftonbladet senaste nytt	True	Sweden	25
2020-09-01	coronavirus by country	False	Canada	2
2020-09-01	dati covid	False	Italy	1
2020-09-01	covid carte	False	France	1
2020-09-01	crete coronavirus	False	United Kingdom	1
2020-09-01	coronavirus symptoms	False	Australia	3
2020-09-01	aktuelle nachrichten	True	Germany	10
2020-09-01	coronavirus erie county	False	United States	1
2020-09-01	ivermectina covid	False	Mexico	2
2020-09-01	janet mills	True	United States	1
2020-09-01	ontario covid numbers today	False	Canada	2
2020-09-01	covid 19 update nj	False	United States	1
2020-09-01	pays a risque coronavirus	False	Switzerland	1
2020-09-01	real decreto ley 8/2020	True	Spain	1
2020-09-01	john hopkins coronavirus map	False	Germany	1
2020-09-01	baylor covid	False	United States	1
2020-09-01	600 unemployment extension	True	United States	1
2020-09-01	covid south dakota	False	United States	1
2020-09-01	best face mask for coronavirus ncov	False	Sweden	1
2020-09-01	craven arms	True	United Kingdom	1
2020-09-01	montgomery county pa coronavirus	False	United States	1
2020-09-01	laboratoire test covid	False	France	1
2020-09-01	chiffres covid 19 france	False	France	1
2020-09-01	warner leisure hotels	True	United Kingdom	2
2020-09-01	chicago coronavirus update	False	United States	1
2020-09-01	coronavirus europe	False	United States	1
2020-09-01	cdc coronavirus deaths	False	United States	1
2020-09-01	pontins	True	United Kingdom	1
2020-09-01	japan coronavirus	False	United States	1
2020-09-01	covid 19 update nc	False	United States	1
2020-09-01	que es el covid 19	False	Mexico	19
2020-09-01	masque covid	False	France	1
2020-09-01	john hopkins university coronavirus map	False	Germany	2
2020-09-01	states with coronavirus	False	United States	1
2020-09-01	zone coronavirus	False	France	1
2020-09-01	covid 19 ns	False	Canada	2
2020-09-01	best face masks for coronavirus ncov	False	Sweden	1
2020-09-01	bonus baby sitting	True	Italy	1
2020-09-01	fl coronavirus stats	False	United States	1
2020-09-01	montgomery county pa	True	United States	1
2020-09-01	covid19 uk	False	United Kingdom	1
2020-09-01	covid vic	False	Australia	4
2020-09-01	mal di gola coronavirus	False	Italy	1
2020-09-01	coronavirus face masks for sale near me ncov	False	United States	2
2020-09-01	japan coronavirus cases	False	United States	1
2020-09-01	governo	True	Italy	2
2020-09-01	broward schools	True	United States	1
2020-09-01	covid 19 update mn	False	United States	1
2020-09-01	covid testing	False	Luxembourg	100
2020-09-01	covid19 test	False	United Kingdom	1
2020-09-01	johns hopkins coronavirus map	False	Germany	1
2020-09-01	6% of covid deaths	False	United States	1
2020-09-01	sintomas del covid 19	False	Spain	1
2020-09-01	lister hospital stevenage	True	United Kingdom	1
2020-09-01	c19.se	True	Sweden	1
2020-09-01	covid 19 en el mundo	False	Argentina	2
2020-09-01	chiffres covid 19	False	France	1
2020-09-01	montgomery county md	True	United States	1
2020-09-01	新型コロナウイルス　症状	False	Japan	1
2020-09-01	spain covid	False	United Kingdom	1
2020-09-01	covid 19 update	False	Colombia	4
2020-09-01	coronavirus fayette county ky	False	United States	1
2020-09-01	smart working fino a quando	True	Italy	1
2020-09-01	pa covid 19 cases	False	United States	1
2020-09-01	protocole covid entreprise	False	France	1
2020-09-01	japan coronavirus update	False	United States	1
2020-09-01	コロナウイルス　福井	False	Japan	1
2020-09-01	purdue covid	False	United States	1
2020-09-01	kachelmann	True	Germany	1
2020-09-01	parmatoday	True	Italy	1
2020-09-01	covid 19 update missouri	False	United States	1
2020-09-01	covid19 symptoms	False	United Kingdom	1
2020-09-01	companies house	True	Sweden	1
2020-09-01	coronavirus bc	False	Canada	3
2020-09-01	california covid news	False	United States	1
2020-09-01	hronestop att	True	United States	1
2020-09-01	warners holidays 2020	True	United Kingdom	2
2020-09-01	eastern ontario health unit	True	Canada	2
2020-09-01	coronavirus fl	False	United States	1
2020-09-01	jcyl coronavirus	False	Spain	1
2020-09-01	6% covid deaths	False	United States	1
2020-09-01	covid 19 update minnesota	False	United States	1
2020-09-01	covid19 gov.uk	False	United Kingdom	1
2020-09-01	montgomery county coronavirus	False	United States	1
2020-09-01	sa border pass	True	Australia	2
2020-09-01	kanaren coronavirus	False	Germany	2
2020-09-01	georgia department of health	True	United States	1
2020-09-01	chiffres covid	False	France	1
2020-09-01	victoria coronavirus	False	Australia	4
2020-09-01	coronavirus	False	Sweden	1
2020-09-01	japan travel restrictions	True	United States	1
2020-09-01	fl coronavirus update	False	United States	1
2020-09-01	coronavirus en euskadi	False	Spain	1
2020-09-01	covid 19 update map	False	United States	1
2020-09-01	scarf masks for coronavirus	False	United States	1
2020-09-01	coronavirus florida	False	United States	1
2020-09-01	ontario covid results	False	Canada	1
2020-09-01	covid19 deaths	False	United Kingdom	1
2020-09-01	bonus baby sitter nonni inps	True	Italy	1
2020-09-01	cnn coronavirus tracker	False	United States	1
2020-09-01	il tirreno livorno	True	Italy	2
2020-09-01	covid south carolina	False	United States	1
2020-09-01	kekule	True	Germany	1
2020-09-01	jared polis	True	United States	1
2020-09-01	texas coronavirus	False	United States	1
2020-09-01	covid results ontario	False	Canada	2
2020-09-01	coronavirus face masks for sale near me ncov	False	Sweden	1
2020-09-01	covid 19 update maine	False	United States	1
2020-09-01	décret covid 19	False	France	1
2020-09-01	6% covid	False	United States	1
2020-09-01	doja cat	True	United States	3
2020-09-01	twc unemployment login	True	United States	4
2020-09-01	coronavirus florida cases	False	United States	1
2020-09-01	covid19	False	United Kingdom	1
2020-09-01	monterey county health department	True	United States	1
2020-09-01	covid vaccine update	False	Australia	1
2020-09-01	javits center	True	United States	1
2020-09-01	utah covid 19 cases	False	United States	1
2020-09-01	covid 19 update king county	False	United States	1
2020-09-01	kekulé podcast	True	Germany	1
2020-09-01	chiffres coronavirus france	False	France	1
2020-09-01	cdc covid weekly	False	United States	1
2020-09-01	list of countries with coronavirus	False	United Kingdom	1
2020-09-01	coronavirus polen	False	Sweden	1
2020-09-01	covid worldometer	False	United Kingdom	1
2020-09-01	warwick hospital	True	United Kingdom	1
2020-09-01	states with lowest coronavirus	False	United States	1
2020-09-01	covid 19 en argentina	False	Argentina	13
2020-09-01	breathable face mask	True	United States	1
2020-09-01	coronavirus florida update	False	United States	1
2020-09-01	sole 24 ore coronavirus	False	Italy	1
2020-09-01	united airlines layoffs	True	United States	1
2020-09-01	cdc coronavirus death update	False	United States	1
2020-09-01	covid 19 update iowa today	False	United States	1
2020-09-01	onem	True	Belgium	13
2020-09-01	covid in francia oggi	False	Italy	1
2020-09-01	kieser training	True	Germany	2
2020-09-01	coronavirus alberta	False	Canada	4
2020-09-01	coronavirus spagna ultime notizie	False	Italy	1
2020-09-01	6 percent covid	False	United States	1
2020-09-01	coronavirus sverige	False	Sweden	1
2020-09-01	arizona covid cases	False	United States	1
2020-09-01	covid vaccine update	False	United Kingdom	1
2020-09-01	fl covid	False	United States	1
2020-09-01	coronavirus canarias	False	Spain	1
2020-09-01	antikörpertest covid 19	False	Germany	1
2020-09-01	coronavirus france	False	United States	1
2020-09-01	jay inslee	True	United States	1
2020-09-01	monterey county coronavirus	False	United States	1
2020-09-01	covid 19 update iowa	False	United States	1
2020-09-01	covid vaccine progress	False	United Kingdom	1
2020-09-01	chiffres coronavirus	False	France	1
2020-09-01	covid19 symptoms	False	United States	1
2020-09-01	kinderzuschlag	True	Germany	2
2020-09-01	新型コロナウイルスとは	False	Japan	1
2020-09-01	coronavirus	False	Jamaica	1
2020-09-01	jay inslee press conference today	True	United States	1
2020-09-01	coronavirus update	False	Sweden	1
2020-09-01	protocole covid 19 entreprise	False	France	1
2020-09-01	https://coronavirus.jhu.edu/map.html	False	United States	1
2020-09-01	rick stein	True	United Kingdom	1
2020-09-01	covid 19 update illinois today	False	United States	1
2020-09-01	zones covid	False	France	1
2020-09-01	coronavirus ga	False	United States	1
2020-09-01	bonus baby sitter 2020	True	Italy	2
2020-09-01	ontario covid update	False	Canada	1
2020-09-01	oneonta covid	False	United States	1
2020-09-01	covid vaccine latest	False	United Kingdom	1
2020-09-01	covid vaccine	False	Australia	3
2020-09-01	coronavirus	False	Switzerland	7
2020-09-01	kinderzuschlag 2020	True	Germany	1
2020-09-01	télétravail coronavirus	False	France	1
2020-09-01	6 of covid deaths cdc	False	United States	1
2020-09-01	warwickshire county council	True	United Kingdom	1
2020-09-01	covid	False	Sweden	1
2020-09-01	jb pritzker	True	United States	1
2020-09-01	covid sore throat	False	United States	1
2020-09-01	monterey county	True	United States	1
2020-09-01	coronavirus tracker	False	Australia	1
2020-09-01	cdc official website coronavirus update	False	United States	1
2020-09-01	coronavirus georgia	False	United States	1
2020-09-01	best workout masks covid	False	United States	1
2020-09-01	chiffre covid france	False	France	1
2020-09-01	covid 19 update illinois	False	United States	1
2020-09-01	covid vaccine	False	United Kingdom	1
2020-09-01	georgia covid restrictions	False	United States	1
2020-09-01	how has covid 19 changed your life	False	United States	1
2020-09-01	klosterfrau melissengeist	True	Germany	1
2020-09-01	covid 19	False	Argentina	5
2020-09-01	texas corona virus	False	United States	1
2020-09-01	fl covid 19	False	United States	1
2020-09-01	covid 19 face masks for sale	False	Sweden	1
2020-09-01	jcpenney store closings	True	United States	1
2020-09-01	bradykinin hypothesis	True	United States	1
2020-09-01	covid 19 update georgia	False	United States	1
2020-09-01	ohio covid numbers	False	United States	1
2020-09-01	linda lusardi	True	United Kingdom	1
2020-09-01	coronavirus georgia update	False	United States	1
2020-09-01	coronavirus	False	Canada	21
2020-09-01	síntomas coronavirus	False	Spain	1
2020-09-01	covid usa update	False	United Kingdom	1
2020-09-01	sole24ore coronavirus	False	Italy	1
2020-09-01	covid 19 update	False	Romania	5
2020-09-01	que son los coronavirus	False	Mexico	1
2020-09-01	konjunkturpaket	True	Germany	1
2020-09-01	401k withdrawal coronavirus	False	United States	1
2020-09-01	montana unemployment	True	United States	1
2020-09-01	situation coronavirus france	False	France	1
2020-09-01	covid 19 face masks for sale near me	False	Sweden	1
2020-09-01	covid 19 update florida today	False	United States	1
2020-09-01	masque covid 19 lavable	False	France	1
2020-09-01	chiffre covid	False	France	1
2020-09-01	covid usa	False	United Kingdom	1
2020-09-01	coronavirus prevention	False	Pakistan	53
2020-09-01	coronavirus germany	False	United States	1
2020-09-01	jefferson county colorado	True	United States	1
2020-09-01	coronavirus germania	False	Italy	1
2020-09-01	covid 19 update florida counties	False	United States	1
2020-09-01	covid updates	False	United Kingdom	1
2020-09-01	vermont covid	False	United States	1
2020-09-01	northern ireland news	True	United Kingdom	1
2020-09-01	koronawirus w polsce	True	Germany	1
2020-09-01	states with travel restrictions coronavirus	False	United States	1
2020-09-01	dati coronavirus oggi	False	Italy	2
2020-09-01	john hopkins coronavirus map	False	Canada	17
2020-09-01	covid 19 statistics	False	Sweden	1
2020-09-01	bonus baby sitter	True	Italy	1
2020-09-01	washable face masks	True	United Kingdom	1
2020-09-01	covid usa	False	Australia	3
2020-09-01	montana travel restrictions	True	United States	1
2020-09-01	spain covid latest	False	United Kingdom	1
2020-09-01	coronavirus germany cases	False	United States	1
2020-09-01	covid 19 update florida	False	United States	1
2020-09-01	worldometer coronavirus	False	Ethiopia	34
2020-09-01	jefferson parish	True	United States	1
2020-09-01	ontario covid19	False	Canada	1
2020-09-01	401k covid 19 withdrawal	False	United States	1
2020-09-01	cdc coronavirus death toll	False	United States	1
2020-09-01	kreis borken	True	Germany	1
2020-09-01	scot gov coronavirus	False	United Kingdom	1
2020-09-01	covid cases bc	False	Canada	1
2020-09-01	chiffre coronavirus	False	France	1
2020-09-01	covid 19 symtom	False	Sweden	1
2020-09-01	covid update uk today	False	United Kingdom	1
2020-09-01	montana covid map	False	United States	1
2020-09-01	fl covid 19 cases	False	United States	1
2020-09-01	covid	False	Argentina	9
2020-09-01	cdc updates on coronavirus today	False	United States	1
2020-09-01	coronavirus graph	False	United States	1
2020-09-01	jehovah's witnesses	True	United States	1
2020-09-01	nsw covid restrictions	False	Australia	2
2020-09-01	covid 19 update california today	False	United States	1
2020-09-01	covid update uk	False	United Kingdom	1
2020-09-01	conselleria de sanitat	True	Spain	1
2020-09-01	corona virus usa	False	Canada	1
2020-09-01	kreis coesfeld	True	Germany	1
2020-09-01	新型コロナウイルス北海道	False	Japan	1
2020-09-01	georgia covid cases	False	United States	1
2020-09-01	bundeszentrale für gesundheitliche aufklärung	True	Germany	1
2020-09-01	covid test	False	Sweden	1
2020-09-01	covid 19 update by states	False	United States	1
2020-09-01	california covid opening	False	United States	1
2020-09-01	university of south carolina covid dashboard	False	United States	1
2020-09-01	jhu coronavirus	False	United States	1
2020-09-01	turks and caicos coronavirus	False	United States	1
2020-09-01	coronavirus graphs	False	United States	1
2020-09-01	protocole covid 19	False	France	1
2020-09-01	401k coronavirus	False	United States	1
2020-09-01	covid update scotland	False	United Kingdom	1
2020-09-01	sospensione termini covid	False	Italy	1
2020-09-01	odoban	True	United States	1
2020-09-01	halloween face masks for covid	False	United States	1
2020-09-01	kreis gütersloh	True	Germany	1
2020-09-01	montana covid cases	False	United States	1
2020-09-01	cheque vacances haut de france	True	France	1
2020-09-01	dollywood 2020 schedule	True	United States	1
2020-09-01	covid19	False	Sweden	1
2020-09-01	covid 19 update bing	False	United States	1
2020-09-01	washable face masks uk	True	United Kingdom	1
2020-09-01	russian covid vaccine	False	United States	1
2020-09-01	jhu coronavirus dashboard	False	United States	1
2020-09-01	covid small business grant	False	United States	1
2020-09-01	coronavirus hawaii	False	United States	1
2020-09-01	covid update	False	United Kingdom	1
2020-09-01	hazard pay for essential workers	True	United States	1
2020-09-01	bonus acquisto computer covid19	False	Italy	1
2020-09-01	texas a&m covid cases	False	United States	1
2020-09-01	covid19 stats	False	United States	1
2020-09-01	czech republic coronavirus	False	United States	1
2020-09-01	kreis heinsberg	True	Germany	2
2020-09-01	partena	True	Belgium	4
2020-09-01	sanjay gupta	True	United States	1
2020-09-01	fl covid 19 data and surveillance dashboard	False	United States	1
2020-09-01	expressen	True	Sweden	100
2020-09-01	covid 19 update az	False	United States	1
2020-09-01	covid update victoria	False	Australia	3
2020-09-01	401 k withdrawals covid 19	False	United States	1
2020-09-01	https://covid19relief.sba.gov/#/	False	United States	1
2020-09-01	covid 19 irelans	False	Ireland	2
2020-09-01	coronavirus hawaii update	False	United States	1
2020-09-01	couleur département covid	False	France	1
2020-09-01	montana covid 19 update	False	United States	1
2020-09-01	covid uk latest	False	United Kingdom	1
2020-09-01	jhu coronavirus map	False	United States	1
2020-09-01	lex autolease uk	True	United Kingdom	1
2020-09-01	gouvernement coronavirus	False	France	2
2020-09-01	kreis steinfurt	True	Germany	2
2020-09-01	cfia	True	France	1
2020-09-01	新型コロナウイルス対策	False	Japan	1
2020-09-01	covid 19 update arkansas	False	United States	1
2020-09-01	fhm covid	False	Sweden	1
2020-09-01	coronavirus mendoza	False	Argentina	1
2020-09-01	covid	False	Mexico	31
2020-09-01	phoebe putney memorial hospital	True	United States	1
2020-09-01	ontario driver's license renewal	True	Canada	2
2020-09-01	corona virus	False	Switzerland	1
2020-09-01	coronavirus headache	False	United States	1
2020-09-01	covid uk	False	United Kingdom	1
2020-09-01	covid	False	Portugal	3
2020-09-01	corona virus update	False	Canada	5
2020-09-01	jhu covid	False	United States	1
2020-09-01	https://data.cms.gov/stories/s/covid-19-nursing-home-data/bkwz-xpvg	False	United States	1
2020-09-01	covid 19 ontario update today	False	Canada	2
2020-09-01	kreis warendorf	True	Germany	1
2020-09-01	john hopkins coronavirus map	False	Spain	1
2020-09-01	covid results online	False	Canada	1
2020-09-01	400 unemployment	True	United States	1
2020-09-01	fhm covid 19	False	Sweden	1
2020-09-01	covid 19 update arizona	False	United States	1
2020-09-01	covid turkey	False	United Kingdom	1
2020-09-01	auburn university covid	False	United States	1
2020-09-01	montana covid 19	False	United States	1
2020-09-01	watford general hospital	True	United Kingdom	1
2020-09-01	coronavirus herd immunity	False	United States	1
2020-09-01	affaires étrangères covid	False	Belgium	2
2020-09-01	covid 19 update alabama	False	United States	1
2020-09-01	jhu covid map	False	United States	1
2020-09-01	spagna	True	Italy	1
2020-09-01	cesu.urssaf.fr espace employeur	True	France	9
2020-09-01	ministerio de salud costa rica	True	Costa Rica	100
2020-09-01	kreisverwaltung montabaur	True	Germany	1
2020-09-01	coronavirus lombardia oggi	False	Italy	1
2020-09-01	statistics coronavirus	False	United States	1
2020-09-01	chicago covid restrictions	False	United States	1
2020-09-01	folkhälsomyndigheten	True	Sweden	4
2020-09-01	covid travel restrictions	False	United Kingdom	1
2020-09-01	cdc coronavirus data	False	United States	1
2020-09-01	covid 19 normandie	False	France	1
2020-09-01	coronavirus trend in victoria	False	Australia	1
2020-09-01	bamatracker	True	United States	1
2020-09-01	coronavirus history	False	United States	1
2020-09-01	covid 19 update	False	United States	10
2020-09-01	fl covid cases	False	United States	1
2020-09-01	bonus 1000 euro	True	Italy	1
2020-09-01	covid update nsw	False	Australia	1
2020-09-01	covid signs for business	False	United States	1
2020-09-01	diario oficial de la federación	True	Mexico	41
2020-09-01	kristalltherme ludwigsfelde	True	Germany	1
2020-09-01	3m n95 mask	True	United States	1
2020-09-01	montana covid	False	United States	1
2020-09-01	impôts gouv particulier	True	France	2
2020-09-01	folkhälsomyndigheten coronavirus	False	Sweden	2
2020-09-01	covid travel insurance	False	United Kingdom	1
2020-09-01	pa covid 19	False	United States	1
2020-09-01	certificat isolement covid	False	France	1
2020-09-01	northern ireland coronavirus	False	United Kingdom	1
2020-09-01	lex autolease	True	United Kingdom	1
2020-09-01	coronavirus houston	False	United States	1
2020-09-01	jim baker	True	United States	1
2020-09-01	新型コロナウイルス感染症	False	Japan	2
2020-09-01	décret covid aout 2020	False	France	1
2020-09-01	worldometer coronavirus	False	Spain	1
2020-09-01	denmark coronavirus	False	United States	1
2020-09-01	spain quarantine uk	True	United Kingdom	1
2020-09-01	kroatien coronavirus	False	Germany	2
2020-09-01	gouvernement du canada	True	Canada	12
2020-09-01	victoria coronavirus cases	False	Australia	3
2020-09-01	internaute coronavirus	False	France	1
2020-09-01	folkhälsomyndigheten se	True	Sweden	16
2020-09-01	covid 19 unemployment relief	False	United States	1
2020-09-01	real decreto ley 21/2020	True	Spain	1
2020-09-01	wellingborough news	True	United Kingdom	1
2020-09-01	montana coronavirus update today	False	United States	1
2020-09-01	covid signs	False	United States	1
2020-09-01	coronavirus hungary	False	United States	1
2020-09-01	ontario new covid cases today	False	Canada	1
2020-09-01	3m masks	True	United States	1
2020-09-01	covid tracker	False	United Kingdom	1
2020-09-01	utah covid cases	False	United States	1
2020-09-01	jim justice	True	United States	1
2020-09-01	quedate en casa	True	Mexico	3
2020-09-01	kroatien einreise	True	Germany	1
2020-09-01	covid 19 update	False	Cambodia	1
2020-09-01	certificat d'isolement covid	False	France	1
2020-09-01	https://www.cdc.gov/nchs/nvss/vsrr/covid_weekly/index.htm	False	United States	1
