Date	Query	IsImplicitIntent	State	Country	PopularityScore
2020-10-01	morrisons	True	Bournemouth	United Kingdom	22
2020-10-01	tgcom	True	Molise	Italy	1
2020-10-01	huddersfield examiner	True	Greater Manchester	United Kingdom	2
2020-10-01	arizona coronavirus	False	Washington	United States	1
2020-10-01	sainsburys	True	Cardiff	United Kingdom	16
2020-10-01	how many cases of coronavirus in my area	False	Greater Manchester	United Kingdom	2
2020-10-01	rai news	True	Lombardy	Italy	4
2020-10-01	free covid 19 test near me	False	New Jersey	United States	1
2020-10-01	wickes	True	West Yorkshire	United Kingdom	32
2020-10-01	spoon river drive 2020	True	Illinois	United States	2
2020-10-01	public health wales	True	Cardiff	United Kingdom	83
2020-10-01	at&t	True	Washington	United States	14
2020-10-01	hoseasons	True	Greater Manchester	United Kingdom	4
2020-10-01	pets at home	True	Cardiff	United Kingdom	16
2020-10-01	home bargains	True	Greater Manchester	United Kingdom	8
2020-10-01	stimulus	True	Illinois	United States	13
2020-10-01	ocado	True	Cardiff	United Kingdom	2
2020-10-01	regione basilicata	True	Campania	Italy	4
2020-10-01	ben shapiro	True	Washington	United States	2
2020-10-01	hmrc login	True	Greater Manchester	United Kingdom	32
2020-10-01	covid 19 symptoms	False	Ohio	United States	6
2020-10-01	drudge report 2020	True	Michigan	United States	3
2020-10-01	wickes	True	Wokingham	United Kingdom	11
2020-10-01	covid stats	False	Texas	United States	1
2020-10-01	nationwide building society	True	Cardiff	United Kingdom	8
2020-10-01	second stimulus check update	True	Iowa	United States	8
2020-10-01	dhhs covid	False	Victoria	Australia	1
2020-10-01	housing market	True	California	United States	1
2020-10-01	wilko	True	West Yorkshire	United Kingdom	19
2020-10-01	hays travel	True	Greater Manchester	United Kingdom	2
2020-10-01	stimulus check 2	True	Illinois	United States	47
2020-10-01	wakefield council	True	Wokingham	United Kingdom	6
2020-10-01	benton franklin health department	True	Washington	United States	3
2020-10-01	partena professional	True	Brussels Region	Belgium	8
2020-10-01	morrisons	True	Cardiff	United Kingdom	36
2020-10-01	haven holidays 2020	True	Greater Manchester	United Kingdom	1
2020-10-01	universal credit	True	Wokingham	United Kingdom	3
2020-10-01	state by state coronavirus cases	False	Wisconsin	United States	1
2020-10-01	martin lewis money saving expert	True	Cardiff	United Kingdom	6
2020-10-01	stimulus check 2 update today	True	Illinois	United States	3
2020-10-01	haven holidays	True	Greater Manchester	United Kingdom	2
2020-10-01	liverpool lockdown	True	Glasgow City	United Kingdom	3
2020-10-01	best covid 19 masks	False	Washington	United States	2
2020-10-01	tucker carlson	True	Alabama	United States	1
2020-10-01	screwfix	True	Wokingham	United Kingdom	28
2020-10-01	home bargains	True	Cardiff	United Kingdom	2
2020-10-01	alabama coronavirus	False	Alabama	United States	8
2020-10-01	florida covid	False	New Jersey	United States	1
2020-10-01	worldometer coronavirus	False	West Yorkshire	United Kingdom	11
2020-10-01	東京都	True	Hokkaido	Japan	7
2020-10-01	halifax courier	True	Greater Manchester	United Kingdom	1
2020-10-01	sainsburys	True	Wokingham	United Kingdom	8
2020-10-01	stimulus checks	True	Illinois	United States	2
2020-10-01	hmrc login	True	Cardiff	United Kingdom	32
2020-10-01	best masks for covid 19	False	Washington	United States	2
2020-10-01	halfords	True	Greater Manchester	United Kingdom	16
2020-10-01	ocado	True	Wokingham	United Kingdom	2
2020-10-01	covid numbers	False	Texas	United States	1
2020-10-01	radio gold	True	Lombardy	Italy	1
2020-10-01	halfords	True	Cardiff	United Kingdom	25
2020-10-01	st croix county wi coronavirus	False	Wisconsin	United States	1
2020-10-01	greta thunberg	True	Greater Manchester	United Kingdom	1
2020-10-01	stimulus package	True	Illinois	United States	2
2020-10-01	nachrichten	True	Berlin	Germany	58
2020-10-01	morrisons	True	Wokingham	United Kingdom	6
2020-10-01	n95 masks for sale	True	California	United States	2
2020-10-01	biden covid	False	Washington	United States	1
2020-10-01	florida coronavirus update	False	New Jersey	United States	3
2020-10-01	ministerstvo zdravotnictví	True	Zlin	Czech Republic	1
2020-10-01	gov.uk	True	Cardiff	United Kingdom	13
2020-10-01	greater manchester lockdown	True	Greater Manchester	United Kingdom	3
2020-10-01	jet2holidays	True	Wokingham	United Kingdom	2
2020-10-01	dvla	True	Cardiff	United Kingdom	22
2020-10-01	stimulus update	True	Illinois	United States	100
2020-10-01	government coronavirus	False	Greater Manchester	United Kingdom	2
2020-10-01	bing covid tracker	False	Washington	United States	2
2020-10-01	covid news	False	Texas	United States	1
2020-10-01	strettoweb reggio calabria ultime notizie	True	Calabria	Italy	1
2020-10-01	hmrc login	True	Wokingham	United Kingdom	9
2020-10-01	dunelm	True	Cardiff	United Kingdom	32
2020-10-01	covid 19 statistics	False	Ohio	United States	1
2020-10-01	does trump have covid	False	Michigan	United States	1
2020-10-01	gov.uk/register-home-test	True	Greater Manchester	United Kingdom	2
2020-10-01	tvi	True	Lisboa	Portugal	7
2020-10-01	herefordshire council	True	Wokingham	United Kingdom	2
2020-10-01	mnp	True	Mississippi	United States	5
2020-10-01	south park pandemic special	True	Wisconsin	United States	5
2020-10-01	florida coronavirus	False	New Jersey	United States	1
2020-10-01	dhhs coronavirus victoria	False	Victoria	Australia	2
2020-10-01	rki fallzahlen	True	Berlin	Germany	27
2020-10-01	stimulus update today	True	Illinois	United States	8
2020-10-01	partena	True	Brussels Region	Belgium	5
2020-10-01	debenhams uk	True	Cardiff	United Kingdom	27
2020-10-01	boris johnson	True	Washington	United States	3
2020-10-01	gov.uk coronavirus	False	Greater Manchester	United Kingdom	3
2020-10-01	halfords	True	Wokingham	United Kingdom	4
2020-10-01	hmrc login	True	Bournemouth	United Kingdom	11
2020-10-01	currys pc world	True	Cardiff	United Kingdom	50
2020-10-01	gov.uk	True	Greater Manchester	United Kingdom	18
2020-10-01	sweden coronavirus update	False	Illinois	United States	2
2020-10-01	gov.uk	True	Wokingham	United Kingdom	3
2020-10-01	california unemployment	True	Washington	United States	1
2020-10-01	covid 19 symptoms	False	Cardiff	United Kingdom	2
2020-10-01	gov uk coronavirus	False	Greater Manchester	United Kingdom	6
2020-10-01	dvla	True	Wokingham	United Kingdom	4
2020-10-01	covid tracker	False	Kentucky	United States	2
2020-10-01	covid map	False	Texas	United States	1
2020-10-01	south park pandemic episode	True	Wisconsin	United States	17
2020-10-01	coventry building society	True	Cardiff	United Kingdom	9
2020-10-01	symptoms of covid 19	False	Illinois	United States	3
2020-10-01	gloucestershire live	True	Greater Manchester	United Kingdom	1
2020-10-01	canada border opening	True	Washington	United States	1
2020-10-01	dunelm	True	Wokingham	United Kingdom	6
2020-10-01	protezione civile covid	False	Lombardy	Italy	1
2020-10-01	coronavirus wales	False	Cardiff	United Kingdom	1
2020-10-01	coronavirus update	False	New Mexico	United States	19
2020-10-01	furlough scheme	True	Greater Manchester	United Kingdom	2
2020-10-01	currys pc world	True	Wokingham	United Kingdom	2
2020-10-01	札幌市　コロナ	True	Hokkaido	Japan	3
2020-10-01	texas governor	True	Illinois	United States	1
2020-10-01	coronavirus update	False	Cardiff	United Kingdom	4
2020-10-01	cares act	True	Washington	United States	2
2020-10-01	fco travel advice	True	Greater Manchester	United Kingdom	3
2020-10-01	covid testing	False	Wokingham	United Kingdom	1
2020-10-01	sensex	True	Gujarat	India	50
2020-10-01	center parcs	True	South Yorkshire	United Kingdom	3
2020-10-01	pennsylvania coronavirus	False	New York	United States	1
2020-10-01	coronavirus uk	False	Cardiff	United Kingdom	16
2020-10-01	trump approval rating	True	Ohio	United States	1
2020-10-01	face masks	True	Greater Manchester	United Kingdom	1
2020-10-01	titans covid	False	Illinois	United States	2
2020-10-01	covid 19	False	Wokingham	United Kingdom	2
2020-10-01	carolina panthers covid robot	False	Washington	United States	1
2020-10-01	ffcra	True	New Jersey	United States	1
2020-10-01	rudy giuliani	True	New York	United States	1
2020-10-01	masked singer season 4	True	Rhode Island	United States	2
2020-10-01	coronavirus	False	Cardiff	United Kingdom	2
2020-10-01	emirates flights	True	Greater Manchester	United Kingdom	1
2020-10-01	coronavirus update	False	Wokingham	United Kingdom	2
2020-10-01	onem	True	Brussels Region	Belgium	17
2020-10-01	dvla	True	Bournemouth	United Kingdom	33
2020-10-01	companies house beta	True	Cardiff	United Kingdom	27
2020-10-01	trader joe's	True	Illinois	United States	3
2020-10-01	currys pc world	True	Bournemouth	United Kingdom	11
2020-10-01	covid in texas	False	Texas	United States	1
2020-10-01	edf energy	True	Greater Manchester	United Kingdom	1
2020-10-01	ccl stock	True	Washington	United States	2
2020-10-01	companies house beta	True	Wokingham	United Kingdom	35
2020-10-01	companies house	True	Cardiff	United Kingdom	100
2020-10-01	easyjet holidays	True	Greater Manchester	United Kingdom	3
2020-10-01	covid 19 ohio dashboard	False	Ohio	United States	1
2020-10-01	companies house	True	Wokingham	United Kingdom	100
2020-10-01	uhc provider login	True	Alabama	United States	5
2020-10-01	sheboygan county coronavirus	False	Wisconsin	United States	1
2020-10-01	trump approval rating	True	Illinois	United States	1
2020-10-01	charity commission	True	Cardiff	United Kingdom	4
2020-10-01	cvs covid testing	False	Michigan	United States	1
2020-10-01	dhhs coronavirus update	False	Victoria	Australia	16
2020-10-01	cdc coronavirus update	False	Washington	United States	5
2020-10-01	dvla mot check	True	Greater Manchester	United Kingdom	2
2020-10-01	charity commission	True	Wokingham	United Kingdom	4
2020-10-01	caerphilly lockdown	True	Cardiff	United Kingdom	6
2020-10-01	fauci	True	New Jersey	United States	1
2020-10-01	new york coronavirus	False	New York	United States	1
2020-10-01	dvla	True	Greater Manchester	United Kingdom	22
2020-10-01	trump coronavirus	False	Illinois	United States	4
2020-10-01	b&q	True	Wokingham	United Kingdom	6
2020-10-01	cdc covid	False	Washington	United States	1
2020-10-01	protezione civile	True	Lombardy	Italy	4
2020-10-01	pfizer stock	True	Arizona	United States	1
2020-10-01	b&q diy store	True	Cardiff	United Kingdom	8
2020-10-01	covid cases in texas	False	Texas	United States	1
2020-10-01	shawano county covid update	False	Wisconsin	United States	1
2020-10-01	dunelm	True	Greater Manchester	United Kingdom	21
2020-10-01	c19	True	Coquimbo	Chile	1
2020-10-01	trump coronavirus misinformation	False	Illinois	United States	2
2020-10-01	face masks for sale	True	New Jersey	United States	1
2020-10-01	b&q	True	Cardiff	United Kingdom	27
2020-10-01	covid cases	False	Texas	United States	1
2020-10-01	cdc guidelines for coronavirus	False	Washington	United States	2
2020-10-01	direct line	True	Greater Manchester	United Kingdom	4
2020-10-01	second stimulus check update	True	Wisconsin	United States	9
2020-10-01	rai news	True	Campania	Italy	2
2020-10-01	trump twitter	True	Beijing	China	10
2020-10-01	face masks	True	New Jersey	United States	1
2020-10-01	diabetes uk	True	Greater Manchester	United Kingdom	1
2020-10-01	trump covid	False	Illinois	United States	9
2020-10-01	trump tests positive	True	Beijing	China	4
2020-10-01	札幌　コロナ	True	Hokkaido	Japan	27
2020-10-01	chelan douglas health department	True	Washington	United States	2
2020-10-01	moniteur belge	True	Brussels Region	Belgium	24
2020-10-01	martin lewis money saving expert	True	Glasgow City	United Kingdom	8
2020-10-01	dfe	True	Greater Manchester	United Kingdom	1
2020-10-01	trump covid	False	Beijing	China	61
2020-10-01	second stimulus check	True	Iowa	United States	35
2020-10-01	trump has covid	False	Illinois	United States	4
2020-10-01	denplan	True	Greater Manchester	United Kingdom	1
2020-10-01	tvi player	True	Lisboa	Portugal	10
2020-10-01	clallam county coronavirus	False	Washington	United States	2
2020-10-01	ms dept of health	True	Mississippi	United States	15
2020-10-01	trump coronavirus	False	North Rhine-Westphalia	Germany	2
2020-10-01	covid 19 vaccine	False	Texas	United States	1
2020-10-01	trump coronavirus	False	Beijing	China	28
2020-10-01	hope hicks has covid	False	California	United States	1
2020-10-01	debenhams uk	True	Greater Manchester	United Kingdom	22
2020-10-01	zdf heute	True	Saxony	Germany	1
2020-10-01	hope hicks	True	Beijing	China	100
2020-10-01	trump news	True	Illinois	United States	3
2020-10-01	colville school district	True	Washington	United States	1
2020-10-01	proroga stato emergenza covid	False	Lombardy	Italy	1
2020-10-01	second stimulus check	True	Wisconsin	United States	32
2020-10-01	daily coronavirus deaths uk	False	Greater Manchester	United Kingdom	1
2020-10-01	covid 19	False	Beijing	China	4
2020-10-01	covid 19 ohio	False	Ohio	United States	4
2020-10-01	covid19	False	Michigan	United States	1
2020-10-01	cyprus flight pass	True	Greater Manchester	United Kingdom	1
2020-10-01	trump polls	True	Illinois	United States	3
2020-10-01	covid	False	Beijing	China	4
2020-10-01	dhhs coronavirus	False	Victoria	Australia	21
2020-10-01	etsy face mask	True	New Jersey	United States	1
2020-10-01	coronavirus berlin	False	Berlin	Germany	5
2020-10-01	corona virus	False	Washington	United States	2
2020-10-01	coronavirus map	False	Utah	United States	6
2020-10-01	currys pc world	True	Greater Manchester	United Kingdom	29
2020-10-01	coronavirus statistics	False	Beijing	China	1
2020-10-01	trump test positive for coronavirus	False	Illinois	United States	1
2020-10-01	n95 respirator mask	True	California	United States	1
2020-10-01	ministère des affaires étrangères belgique	True	Brussels Region	Belgium	5
2020-10-01	covid19 gov.uk	False	Greater Manchester	United Kingdom	1
2020-10-01	covid 19 update texas	False	Texas	United States	1
2020-10-01	corona virus map	False	Washington	United States	1
2020-10-01	coronavirus	False	Beijing	China	7
2020-10-01	sam's club	True	Wisconsin	United States	26
2020-10-01	covid testing	False	Greater Manchester	United Kingdom	9
2020-10-01	trump tests positive	True	Illinois	United States	2
2020-10-01	corona virus update	False	Washington	United States	1
2020-10-01	covid test booking	False	Greater Manchester	United Kingdom	3
2020-10-01	新型コロナウイルス	False	Hokkaido	Japan	22
2020-10-01	drudge report 2020	True	New Jersey	United States	5
2020-10-01	action logement	True	Pays De La Loire	France	10
2020-10-01	vogtlandkreis	True	Saxony	Germany	14
2020-10-01	proroga stato di emergenza covid	False	Lombardy	Italy	1
2020-10-01	covid test	False	Greater Manchester	United Kingdom	4
2020-10-01	trump twitter	True	Illinois	United States	9
2020-10-01	corona virus updates	False	Washington	United States	2
2020-10-01	covid 19 update	False	Texas	United States	7
2020-10-01	pets at home	True	South Yorkshire	United Kingdom	12
2020-10-01	covid symptoms checker	False	Greater Manchester	United Kingdom	1
2020-10-01	remdesivir drug	True	Wisconsin	United States	1
2020-10-01	covid symptoms	False	Greater Manchester	United Kingdom	3
2020-10-01	ministere des affaires etrangeres belgique	True	Brussels Region	Belgium	7
2020-10-01	tucker carlson	True	Illinois	United States	1
2020-10-01	coronavirus	False	Washington	United States	20
2020-10-01	covid stats	False	Greater Manchester	United Kingdom	1
2020-10-01	tui cruises	True	Saxony	Germany	1
2020-10-01	covid rules england	False	Greater Manchester	United Kingdom	2
2020-10-01	uhc provider login	True	Illinois	United States	4
2020-10-01	dr fauci	True	New Jersey	United States	1
2020-10-01	coventry building society	True	Bournemouth	United Kingdom	15
2020-10-01	covid 19 map	False	Ohio	United States	1
2020-10-01	coronavirus cases	False	Washington	United States	1
2020-10-01	proroga stato di emergenza	True	Lombardy	Italy	1
2020-10-01	covid rules	False	Greater Manchester	United Kingdom	1
2020-10-01	unemployment claim	True	Illinois	United States	2
2020-10-01	covid vaccine	False	Michigan	United States	1
2020-10-01	covid restrictions	False	Greater Manchester	United Kingdom	1
2020-10-01	department of home affairs	True	Victoria	Australia	1
2020-10-01	debenhams uk	True	Glasgow City	United Kingdom	36
2020-10-01	utah coronavirus	False	Utah	United States	39
2020-10-01	coronavirus face mask for sale	False	Washington	United States	7
2020-10-01	info coronavirus belgique	False	Brussels Region	Belgium	2
2020-10-01	rki risikogebiete	True	Berlin	Germany	49
2020-10-01	covid deaths today uk	False	Greater Manchester	United Kingdom	2
2020-10-01	unemployment login	True	Illinois	United States	2
2020-10-01	covid 19 symptoms	False	Greater Manchester	United Kingdom	4
2020-10-01	coronavirus face masks for sale	False	Washington	United States	2
2020-10-01	coronavirus uk	False	Bournemouth	United Kingdom	15
2020-10-01	coronavirus updates	False	New Mexico	United States	2
2020-10-01	stimulus package	True	Michigan	United States	1
2020-10-01	tui	True	Saxony	Germany	5
2020-10-01	covid 19 latest	False	Greater Manchester	United Kingdom	4
2020-10-01	poste italiane	True	Molise	Italy	100
2020-10-01	poste italiane	True	Lombardy	Italy	84
2020-10-01	unemployment ohio	True	Illinois	United States	1
2020-10-01	covid 19	False	Greater Manchester	United Kingdom	6
2020-10-01	持続化補助金	True	Hokkaido	Japan	33
2020-10-01	matt gaetz	True	California	United States	1
2020-10-01	coronavirus map	False	Washington	United States	3
2020-10-01	covid	False	Greater Manchester	United Kingdom	5
2020-10-01	fgtb	True	Brussels Region	Belgium	11
2020-10-01	covid 19 tracker	False	Texas	United States	2
2020-10-01	us coronavirus cases	False	Illinois	United States	1
2020-10-01	remdesivir	True	Wisconsin	United States	2
2020-10-01	coventry building society	True	Greater Manchester	United Kingdom	6
2020-10-01	coronavirus masks for sale near me	False	Washington	United States	2
2020-10-01	vtdigger	True	Vermont	United States	56
2020-10-01	zus	True	Podlaskie	Poland	100
2020-10-01	tschechien einreise	True	Saxony	Germany	1
2020-10-01	salvation army donations	True	New York	United States	1
2020-10-01	countries on quarantine list	True	Greater Manchester	United Kingdom	3
2020-10-01	adph coronavirus dashboard	False	Alabama	United States	2
2020-10-01	polizia di stato	True	Lombardy	Italy	2
2020-10-01	coronavirus worldometers	False	Greater Manchester	United Kingdom	4
2020-10-01	vaccine	True	Illinois	United States	1
2020-10-01	coronavirus masks sale	False	Washington	United States	2
2020-10-01	donald trump covid	False	New Jersey	United States	1
2020-10-01	trump coronavirus	False	Ohio	United States	2
2020-10-01	coronavirus vaccine	False	Greater Manchester	United Kingdom	1
2020-10-01	covid 19	False	Ohio	United States	7
2020-10-01	covid tracker	False	Michigan	United States	3
2020-10-01	de morgen	True	Brussels Region	Belgium	23
2020-10-01	coronavirus update uk	False	Greater Manchester	United Kingdom	2
2020-10-01	tschechien coronavirus	False	Saxony	Germany	1
2020-10-01	daniel andrews press conference today	True	Victoria	Australia	4
2020-10-01	covid 19 texas	False	Texas	United States	1
2020-10-01	qanon	True	Wisconsin	United States	2
2020-10-01	vaccine for coronavirus	False	Illinois	United States	1
2020-10-01	patto di corresponsabilità covid	False	Lombardy	Italy	1
2020-10-01	coronavirus n95 face mask for sale	False	Washington	United States	7
2020-10-01	coronavirus update	False	Greater Manchester	United Kingdom	11
2020-10-01	coronavirus uk latest	False	Greater Manchester	United Kingdom	1
2020-10-01	new york city covid	False	New York	United States	1
2020-10-01	csc en ligne	True	Brussels Region	Belgium	7
2020-10-01	coronavirus uk	False	Greater Manchester	United Kingdom	20
2020-10-01	companies house beta	True	Bournemouth	United Kingdom	18
2020-10-01	virus update	True	Illinois	United States	1
2020-10-01	coronavirus news	False	Washington	United States	1
2020-10-01	vt digger	True	Vermont	United States	6
2020-10-01	hope hicks	True	Rhode Island	United States	28
2020-10-01	trendtours	True	Saxony	Germany	1
2020-10-01	worldometer coronavirus	False	Alabama	United States	4
2020-10-01	coronavirus test	False	Greater Manchester	United Kingdom	2
2020-10-01	持続化給付金	True	Hokkaido	Japan	63
2020-10-01	pelosi	True	Arizona	United States	1
2020-10-01	doja cat	True	New Jersey	United States	1
2020-10-01	ordinanza regione campania	True	Lombardy	Italy	1
2020-10-01	coronavirus symptoms	False	Greater Manchester	United Kingdom	2
2020-10-01	coronavirus prevention	False	Utah	United States	3
2020-10-01	walgreens covid testing	False	Illinois	United States	3
2020-10-01	cozo	True	Brussels Region	Belgium	2
2020-10-01	covid 19 testing locations	False	Texas	United States	1
2020-10-01	coronavirus numbers	False	Washington	United States	1
2020-10-01	coronavirus statistics	False	Greater Manchester	United Kingdom	2
2020-10-01	protezione civile	True	Campania	Italy	4
2020-10-01	coronavirus in my area	False	Greater Manchester	United Kingdom	2
2020-10-01	tagesschau	True	Saxony	Germany	84
2020-10-01	nicola porro	True	Lombardy	Italy	1
2020-10-01	coronavirus cases in my area	False	Greater Manchester	United Kingdom	1
2020-10-01	walgreens.com/findcare/covid19/adminportal	False	Illinois	United States	1
2020-10-01	phonics play	True	South Yorkshire	United Kingdom	8
2020-10-01	coronavirus prevention	False	Washington	United States	2
2020-10-01	coronavirus	False	Greater Manchester	United Kingdom	8
2020-10-01	pierce county wi	True	Wisconsin	United States	2
2020-10-01	vt coronavirus	False	Vermont	United States	2
2020-10-01	covid	False	Ohio	United States	5
2020-10-01	covid belgique	False	Brussels Region	Belgium	2
2020-10-01	corona virus	False	Greater Manchester	United Kingdom	1
2020-10-01	will there be another stimulus check	True	Illinois	United States	1
2020-10-01	tag24 chemnitz	True	Saxony	Germany	34
2020-10-01	covid toes	False	Michigan	United States	1
2020-10-01	coronavirus prevention at work	False	Washington	United States	1
2020-10-01	daniel andrews	True	Victoria	Australia	13
2020-10-01	morrisons	True	Glasgow City	United Kingdom	72
2020-10-01	congestion charge	True	Greater Manchester	United Kingdom	1
2020-10-01	news coronavirus	False	Lombardy	Italy	1
2020-10-01	companies house beta	True	Greater Manchester	United Kingdom	27
2020-10-01	sam's club	True	Iowa	United States	28
2020-10-01	covid 19 belgique	False	Brussels Region	Belgium	4
2020-10-01	does trump have covid	False	New Jersey	United States	1
2020-10-01	companies house	True	Greater Manchester	United Kingdom	100
2020-10-01	winnebago county coronavirus	False	Illinois	United States	1
2020-10-01	hope hicks covid	False	California	United States	10
2020-10-01	covid 19 symptoms	False	Texas	United States	7
2020-10-01	navy portal	True	California	United States	4
2020-10-01	patrick mahomes	True	Wisconsin	United States	2
2020-10-01	coronavirus statistics	False	Washington	United States	6
2020-10-01	cineworld	True	Greater Manchester	United Kingdom	1
2020-10-01	tag 24 chemnitz	True	Saxony	Germany	9
2020-10-01	miur	True	Lombardy	Italy	11
2020-10-01	chester zoo	True	Greater Manchester	United Kingdom	4
2020-10-01	家賃支援給付金	True	Hokkaido	Japan	61
2020-10-01	covid 19 update	False	Federal Territory Of Kuala Lumpur	Malaysia	73
2020-10-01	wisconsin coronavirus	False	Illinois	United States	2
2020-10-01	coronavirus statistics in united states	False	Washington	United States	2
2020-10-01	cheshire west and chester	True	Greater Manchester	United Kingdom	1
2020-10-01	vermont covid travel map	False	Vermont	United States	6
2020-10-01	covid	False	Brussels Region	Belgium	6
2020-10-01	charity commission	True	Greater Manchester	United Kingdom	4
2020-10-01	sachsen	True	Saxony	Germany	12
2020-10-01	trump twitter	True	Utah	United States	3
2020-10-01	companies house	True	Bournemouth	United Kingdom	100
2020-10-01	disinfectant spray	True	New Jersey	United States	1
2020-10-01	ministero istruzione	True	Lombardy	Italy	2
2020-10-01	center parcs	True	Greater Manchester	United Kingdom	4
2020-10-01	wisconsin coronavirus update	False	Illinois	United States	1
2020-10-01	coronavirus statistics in washington	False	Washington	United States	1
2020-10-01	caravan and motorhome club	True	Greater Manchester	United Kingdom	2
2020-10-01	trump coronavirus misinformation	False	Ohio	United States	2
2020-10-01	coronavirus france	False	Brussels Region	Belgium	1
2020-10-01	bq superstores	True	Greater Manchester	United Kingdom	2
2020-10-01	covid 19 statistics	False	Texas	United States	1
2020-10-01	wisconsin covid	False	Illinois	United States	5
2020-10-01	perueduca	True	Lima	Peru	100
2020-10-01	costco online	True	Ohio	United States	9
2020-10-01	covid testing sites near me	False	Michigan	United States	4
2020-10-01	robert koch institut risikogebiete	True	Saxony	Germany	1
2020-10-01	コロナ	True	Miyagi	Japan	100
2020-10-01	coronavirus stats	False	Washington	United States	1
2020-10-01	covidlive	False	Victoria	Australia	18
2020-10-01	coronavirus	False	Capital Region	Denmark	60
2020-10-01	oneida county health department wi	True	Wisconsin	United States	2
2020-10-01	bounce back loan	True	Greater Manchester	United Kingdom	1
2020-10-01	ms dept of health coronavirus	False	Mississippi	United States	4
2020-10-01	ministero della salute	True	Lombardy	Italy	4
2020-10-01	boris johnson	True	Greater Manchester	United Kingdom	5
2020-10-01	boots the chemist	True	Greater Manchester	United Kingdom	4
2020-10-01	vermont coronavirus	False	Vermont	United States	17
2020-10-01	worldometer coronavirus	False	West Berkshire	United Kingdom	7
2020-10-01	adph	True	Alabama	United States	20
2020-10-01	activité partielle	True	Pays De La Loire	France	3
2020-10-01	worldometer	True	Illinois	United States	1
2020-10-01	coronavirus symptoms	False	Washington	United States	1
2020-10-01	companies house beta	True	South Yorkshire	United Kingdom	20
2020-10-01	coronavirus belgique	False	Brussels Region	Belgium	22
2020-10-01	book a covid test	False	Greater Manchester	United Kingdom	2
2020-10-01	cvs my chart	True	New Jersey	United States	1
2020-10-01	wilko	True	West Berkshire	United Kingdom	5
2020-10-01	北海道コロナウイルス	False	Hokkaido	Japan	2
2020-10-01	nachrichten aktuell	True	Berlin	Germany	11
2020-10-01	schauinsland-reisen	True	Berlin	Germany	1
2020-10-01	bolton restrictions	True	Greater Manchester	United Kingdom	1
2020-10-01	covid 19 symptoms	False	Rhode Island	United States	4
2020-10-01	wickes	True	West Berkshire	United Kingdom	17
2020-10-01	worldometer coronavirus	False	Illinois	United States	8
2020-10-01	rki risikogebiete	True	Saxony	Germany	60
2020-10-01	covid 19 rapid testing sites near me	False	Texas	United States	1
2020-10-01	coronavirus tracker	False	Washington	United States	3
2020-10-01	bolton news	True	Greater Manchester	United Kingdom	72
2020-10-01	zinc supplements	True	Texas	United States	1
2020-10-01	waitrose	True	West Berkshire	United Kingdom	8
2020-10-01	ministero dell'interno	True	Lombardy	Italy	5
2020-10-01	bolton coronavirus update	False	Greater Manchester	United Kingdom	1
2020-10-01	universal credit	True	West Berkshire	United Kingdom	16
2020-10-01	xfl	True	Illinois	United States	2
2020-10-01	blackpool gazette	True	Greater Manchester	United Kingdom	3
2020-10-01	tui	True	West Berkshire	United Kingdom	7
2020-10-01	coronavirus trends	False	Washington	United States	1
2020-10-01	worldometers coronavirus	False	Gujarat	India	1
2020-10-01	costco online	True	New Mexico	United States	16
2020-10-01	coronavirus.ohio.gov dashboard	False	Ohio	United States	1
2020-10-01	blackpool	True	Greater Manchester	United Kingdom	2
2020-10-01	travis perkins	True	West Berkshire	United Kingdom	11
2020-10-01	coronavirus	False	Brussels Region	Belgium	5
2020-10-01	screwfix	True	Isle Of Anglesey	United Kingdom	1
2020-10-01	covid symptoms	False	Michigan	United States	4
2020-10-01	bbc.co.uk/news	True	Greater Manchester	United Kingdom	1
2020-10-01	covid worldometer	False	Victoria	Australia	2
2020-10-01	b&q	True	Bournemouth	United Kingdom	29
2020-10-01	the range	True	West Berkshire	United Kingdom	9
2020-10-01	coronavirus update	False	Washington	United States	23
2020-10-01	bbc coronavirus in my area	False	Greater Manchester	United Kingdom	1
2020-10-01	next stimulus package	True	Wisconsin	United States	1
2020-10-01	specsavers	True	West Berkshire	United Kingdom	4
2020-10-01	parcelamento fgts mp 927	True	Rio Grande Do Norte	Brazil	1
2020-10-01	gina raimondo	True	Rhode Island	United States	2
2020-10-01	rki fallzahlen	True	Saxony	Germany	27
2020-10-01	koronawirus	False	Podlaskie	Poland	1
2020-10-01	trump covid	False	Vermont	United States	2
2020-10-01	cvs covid testing	False	New Jersey	United States	3
2020-10-01	bame	True	Greater Manchester	United Kingdom	2
2020-10-01	smyths toys uk	True	West Berkshire	United Kingdom	5
2020-10-01	covid	False	Riga	Latvia	1
2020-10-01	coronavirus update washington state	False	Washington	United States	1
2020-10-01	qanon	True	Utah	United States	2
2020-10-01	wilko	True	Rhondda Cynon Taff	United Kingdom	4
2020-10-01	北海道　新型コロナウイルス	False	Hokkaido	Japan	1
2020-10-01	sam's club	True	New York	United States	9
2020-10-01	mascherine	True	Lombardy	Italy	1
2020-10-01	b&q diy store	True	Greater Manchester	United Kingdom	8
2020-10-01	smyths	True	West Berkshire	United Kingdom	5
2020-10-01	covid 19 map	False	Texas	United States	1
2020-10-01	universal credit	True	Rhondda Cynon Taff	United Kingdom	1
2020-10-01	coronavirus update	False	Utah	United States	14
2020-10-01	b&q	True	Greater Manchester	United Kingdom	29
2020-10-01	new stimulus package	True	New York	United States	2
2020-10-01	new stimulus package	True	Wisconsin	United States	1
2020-10-01	patrick mahomes	True	Arizona	United States	2
2020-10-01	screwfix	True	West Berkshire	United Kingdom	80
2020-10-01	spkc	True	Riga	Latvia	100
2020-10-01	coronavirus updates	False	Washington	United States	6
2020-10-01	tui	True	Rhondda Cynon Taff	United Kingdom	8
2020-10-01	b and q diy store	True	Greater Manchester	United Kingdom	2
2020-10-01	scottish news	True	West Berkshire	United Kingdom	1
2020-10-01	the range	True	Rhondda Cynon Taff	United Kingdom	18
2020-10-01	contrôle technique	True	Brussels Region	Belgium	2
2020-10-01	stimulus update	True	Vermont	United States	100
2020-10-01	airbnb uk	True	Greater Manchester	United Kingdom	3
2020-10-01	sainsburys groceries	True	West Berkshire	United Kingdom	5
2020-10-01	coronavirus.ohio.gov	False	Ohio	United States	6
2020-10-01	covid map	False	Michigan	United States	1
2020-10-01	worldometer coronavirus	False	Riga	Latvia	1
2020-10-01	coronavirus usa	False	Washington	United States	1
2020-10-01	tesco home delivery	True	Rhondda Cynon Taff	United Kingdom	11
2020-10-01	covid victoria update	False	Victoria	Australia	5
2020-10-01	covid19.nj.gov	False	New Jersey	United States	1
2020-10-01	covid 19 deaths	False	Texas	United States	1
2020-10-01	age uk	True	Greater Manchester	United Kingdom	2
2020-10-01	nys vehicle inspection during covid 19	False	New York	United States	1
2020-10-01	sainsburys	True	West Berkshire	United Kingdom	11
2020-10-01	screwfix	True	Rhondda Cynon Taff	United Kingdom	100
2020-10-01	rki dashboard	True	Saxony	Germany	17
2020-10-01	nba playoffs 2020	True	Wisconsin	United States	4
2020-10-01	acas employee advice	True	Greater Manchester	United Kingdom	1
2020-10-01	pets at home	True	West Berkshire	United Kingdom	8
2020-10-01	poste italiane	True	Campania	Italy	100
2020-10-01	lucca in diretta	True	Lombardy	Italy	1
2020-10-01	コロナ	True	Shiga	Japan	74
2020-10-01	stimulus check 2	True	Vermont	United States	54
2020-10-01	public health wales	True	Rhondda Cynon Taff	United Kingdom	25
2020-10-01	coronavirus vaccine	False	Washington	United States	1
2020-10-01	qanon	True	Iowa	United States	2
2020-10-01	acas	True	Greater Manchester	United Kingdom	4
2020-10-01	北海道　コロナ	True	Hokkaido	Japan	100
2020-10-01	hope hicks coronavirus	False	California	United States	1
2020-10-01	covid19	False	New Jersey	United States	1
2020-10-01	ocado	True	West Berkshire	United Kingdom	6
2020-10-01	sainsburys	True	South Yorkshire	United Kingdom	22
2020-10-01	morrisons	True	Rhondda Cynon Taff	United Kingdom	4
2020-10-01	111 nhs online	True	Greater Manchester	United Kingdom	1
2020-10-01	nationwide building society	True	West Berkshire	United Kingdom	9
2020-10-01	mot check	True	Glasgow City	United Kingdom	16
2020-10-01	hmrc login	True	Rhondda Cynon Taff	United Kingdom	25
2020-10-01	covid 19 cases	False	Texas	United States	1
2020-10-01	moderna stock	True	Wisconsin	United States	2
2020-10-01	brussels airlines site officiel	True	Brussels Region	Belgium	1
2020-10-01	mot check	True	West Berkshire	United Kingdom	18
2020-10-01	コロナウイルス	False	Shiga	Japan	1
2020-10-01	coronavirus worldometer	False	Washington	United States	2
2020-10-01	halfords	True	Rhondda Cynon Taff	United Kingdom	18
2020-10-01	south park pandemic episode	True	Vermont	United States	6
2020-10-01	morrisons	True	West Berkshire	United Kingdom	10
2020-10-01	dvla	True	Rhondda Cynon Taff	United Kingdom	25
2020-10-01	trendtours reisen 2020	True	North Rhine-Westphalia	Germany	1
2020-10-01	covid vaccine	False	New Jersey	United States	1
2020-10-01	coronavirus worldometer	False	Ohio	United States	1
2020-10-01	coronavirus update	False	Riyadh	Saudi Arabia	10
2020-10-01	rki coronavirus	False	Saxony	Germany	4
2020-10-01	martin lewis money saving expert	True	West Berkshire	United Kingdom	2
2020-10-01	legge 104	True	Lombardy	Italy	2
2020-10-01	covid cases michigan	False	Michigan	United States	1
2020-10-01	家賃支援給付金	True	Shiga	Japan	27
2020-10-01	covid victoria	False	Victoria	Australia	28
2020-10-01	nba playoffs 2020	True	California	United States	5
2020-10-01	dunelm	True	Rhondda Cynon Taff	United Kingdom	40
2020-10-01	costco online	True	Washington	United States	52
2020-10-01	lloyds business banking	True	West Berkshire	United Kingdom	5
2020-10-01	covid 19	False	Texas	United States	7
2020-10-01	companies house	True	Rhondda Cynon Taff	United Kingdom	25
2020-10-01	liverpool lockdown	True	West Berkshire	United Kingdom	3
2020-10-01	screwfix	True	Monmouthshire	United Kingdom	50
2020-10-01	job support scheme	True	West Berkshire	United Kingdom	3
2020-10-01	pfizer stock	True	New York	United States	1
2020-10-01	masks for coronavirus	False	Wisconsin	United States	1
2020-10-01	second stimulus check update	True	Vermont	United States	4
2020-10-01	持続化給付金	True	Shiga	Japan	100
2020-10-01	covid	False	Washington	United States	9
2020-10-01	ocado	True	Monmouthshire	United Kingdom	1
2020-10-01	rki	True	Saxony	Germany	100
2020-10-01	jet2holidays	True	West Berkshire	United Kingdom	4
2020-10-01	trump tests positive	True	Utah	United States	4
2020-10-01	マスク	True	Hokkaido	Japan	14
2020-10-01	halfords	True	Southampton	United Kingdom	23
2020-10-01	lattoferrina	True	Lombardy	Italy	1
2020-10-01	companies house	True	Monmouthshire	United Kingdom	100
2020-10-01	hmrc login	True	West Berkshire	United Kingdom	47
2020-10-01	universal credit	True	West Lothian	United Kingdom	1
2020-10-01	ministerstvo zdravotnictví	True	Hlavni Mesto Praha	Czech Republic	100
2020-10-01	xfl	True	Texas	United States	2
2020-10-01	持続化補助金	True	Shiga	Japan	18
2020-10-01	covid update	False	New Jersey	United States	1
2020-10-01	coronavirus update	False	Capital Region	Denmark	50
2020-10-01	covid	False	Texas	United States	5
2020-10-01	halfords	True	West Berkshire	United Kingdom	15
2020-10-01	trendtours	True	North Rhine-Westphalia	Germany	1
2020-10-01	covid 19	False	Washington	United States	9
2020-10-01	covid 19	False	Lima	Peru	1
2020-10-01	covid semafor	False	Hlavni Mesto Praha	Czech Republic	6
2020-10-01	gov.uk	True	West Berkshire	United Kingdom	12
2020-10-01	covid 19	False	Hlavni Mesto Praha	Czech Republic	3
2020-10-01	risikogebiete rki	True	Saxony	Germany	12
2020-10-01	worldometer coronavirus usa	False	Texas	United States	1
2020-10-01	dvla	True	West Berkshire	United Kingdom	13
2020-10-01	lab24 coronavirus	False	Lombardy	Italy	1
2020-10-01	coronavirus vaccine	False	Ohio	United States	1
2020-10-01	covid 19 vaccine	False	Michigan	United States	1
2020-10-01	covid	False	Hlavni Mesto Praha	Czech Republic	10
2020-10-01	seguridad social	True	Canary Islands	Spain	100
2020-10-01	dunelm	True	West Berkshire	United Kingdom	9
2020-10-01	covid vic	False	Victoria	Australia	9
2020-10-01	masks	True	Wisconsin	United States	1
2020-10-01	second stimulus check	True	Vermont	United States	29
2020-10-01	covid 19 face mask for sale	False	Washington	United States	1
2020-10-01	coronavirus	False	Hlavni Mesto Praha	Czech Republic	1
2020-10-01	2nd stimulus check update	True	Alabama	United States	5
2020-10-01	coronavirus belgique	False	Brabant	Belgium	8
2020-10-01	currys pc world	True	West Berkshire	United Kingdom	14
2020-10-01	고용보험	True	North Jeolla	Korea (South)	1
2020-10-01	koronavírus	False	Hajdu-Bihar	Hungary	1
2020-10-01	covid testing	False	West Berkshire	United Kingdom	10
2020-10-01	mondial relay	True	Provence-Alpes-Cote D'azur	France	15
2020-10-01	trace covid	False	Aveiro	Portugal	13
2020-10-01	risikogebiete coronavirus	False	Saxony	Germany	11
2020-10-01	actualités	True	Pays De La Loire	France	39
2020-10-01	covid symptoms	False	West Berkshire	United Kingdom	5
2020-10-01	covid 19 face masks for sale	False	Washington	United States	2
2020-10-01	la provincia pavese	True	Lombardy	Italy	13
2020-10-01	segurança social directa	True	Aveiro	Portugal	100
2020-10-01	コロナ対策	True	Hokkaido	Japan	5
2020-10-01	covid tracker	False	New Jersey	United States	1
2020-10-01	tagesschau	True	Berlin	Germany	100
2020-10-01	coronavirus update	False	West Berkshire	United Kingdom	7
2020-10-01	コロナウイルス	False	Miyagi	Japan	10
2020-10-01	segurança social	True	Aveiro	Portugal	71
2020-10-01	florida coronavirus update	False	Rhode Island	United States	1
2020-10-01	coronavirus uk	False	West Berkshire	United Kingdom	14
2020-10-01	new rochelle	True	New York	United States	1
2020-10-01	noticias ao minuto	True	Aveiro	Portugal	2
2020-10-01	pac 12 football 2020	True	Arizona	United States	2
2020-10-01	costco online	True	Texas	United States	13
2020-10-01	coronavirus	False	West Berkshire	United Kingdom	4
2020-10-01	covid 19 face masks for sale near me	False	Washington	United States	5
2020-10-01	worldometer coronavirus	False	South Yorkshire	United Kingdom	13
2020-10-01	risikogebiete	True	Saxony	Germany	2
2020-10-01	covid 19	False	Aveiro	Portugal	1
2020-10-01	nba playoffs 2020	True	Mississippi	United States	2
2020-10-01	companies house beta	True	West Berkshire	United Kingdom	17
2020-10-01	john hopkins coronavirus	False	Lombardy	Italy	1
2020-10-01	masked singer season 4	True	Wisconsin	United States	10
2020-10-01	hope hicks	True	Vermont	United States	25
2020-10-01	coronavirus updates	False	Ohio	United States	4
2020-10-01	covid 19	False	New Mexico	United States	4
2020-10-01	trump covid	False	Ohio	United States	6
2020-10-01	companies house	True	West Berkshire	United Kingdom	100
2020-10-01	covid 19 map	False	Washington	United States	1
2020-10-01	covid 19 update	False	Michigan	United States	8
2020-10-01	book a covid test	False	West Berkshire	United Kingdom	4
2020-10-01	covid update victoria	False	Victoria	Australia	1
2020-10-01	covid testing sites near me	False	New Jersey	United States	3
2020-10-01	bolton news	True	West Berkshire	United Kingdom	4
2020-10-01	reisewarnungen auswärtiges amt	True	Saxony	Germany	20
2020-10-01	b&q diy store	True	West Berkshire	United Kingdom	5
2020-10-01	polizia di stato	True	Campania	Italy	1
2020-10-01	italo treno	True	Lombardy	Italy	9
2020-10-01	covid 19 masks	False	Washington	United States	2
2020-10-01	b&q	True	West Berkshire	United Kingdom	29
2020-10-01	volotea sito ufficiale	True	Sicily	Italy	4
2020-10-01	saratoga casino	True	New York	United States	1
2020-10-01	coronavirus worldometer	False	Texas	United States	1
2020-10-01	patrick mahomes	True	Iowa	United States	4
2020-10-01	unipolsai	True	Sicily	Italy	2
2020-10-01	1177	True	Uppsala County	Sweden	100
2020-10-01	polster und pohl reisen	True	Saxony	Germany	6
2020-10-01	ticketone	True	Sicily	Italy	9
2020-10-01	covid 19 masks for sale near me	False	Washington	United States	2
2020-10-01	inarcassa	True	Lombardy	Italy	5
2020-10-01	コロナウイルス	False	Hokkaido	Japan	5
2020-10-01	timmendorfer strand	True	North Rhine-Westphalia	Germany	2
2020-10-01	tgcom	True	Sicily	Italy	44
2020-10-01	salvini	True	Sicily	Italy	1
2020-10-01	rai news	True	Sicily	Italy	1
2020-10-01	langlade county coronavirus	False	Wisconsin	United States	1
2020-10-01	trump covid	False	Utah	United States	12
2020-10-01	coronavirus	False	Bogota D C	Colombia	50
2020-10-01	polster und pohl	True	Saxony	Germany	4
2020-10-01	hope hicks coronaviru	False	California	United States	1
2020-10-01	covid 19 update	False	Vermont	United States	4
2020-10-01	covid testing near me	False	New Jersey	United States	1
2020-10-01	il sole 24 ore coronavirus	False	Lombardy	Italy	1
2020-10-01	protezione civile	True	Sicily	Italy	1
2020-10-01	coronavirus updates	False	Utah	United States	3
2020-10-01	covid	False	Lima	Peru	4
2020-10-01	poste italiane	True	Sicily	Italy	100
2020-10-01	covid 19 n95 masks for sale	False	Washington	United States	1
2020-10-01	polizia di stato	True	Sicily	Italy	1
2020-10-01	nzz	True	Saxony	Germany	15
2020-10-01	worldometer coronavirus	False	Texas	United States	7
2020-10-01	ibrahimovic	True	Lombardy	Italy	1
2020-10-01	miur	True	Sicily	Italy	29
2020-10-01	coronavirus update ohio	False	Ohio	United States	1
2020-10-01	covid 19 tracker	False	Michigan	United States	2
2020-10-01	sainsburys groceries	True	South Yorkshire	United Kingdom	19
2020-10-01	ministero della salute	True	Sicily	Italy	2
2020-10-01	covid	False	Bogota D C	Colombia	1
2020-10-01	covid testing sites melbourne	False	Victoria	Australia	2
2020-10-01	coronavirus vaccine	False	Texas	United States	1
2020-10-01	lake geneva wisconsin	True	Wisconsin	United States	2
2020-10-01	2nd stimulus check	True	Alabama	United States	2
2020-10-01	inarcassa	True	Sicily	Italy	4
2020-10-01	covid 19 statistics	False	Washington	United States	1
2020-10-01	ntv livestream	True	Saxony	Germany	1
2020-10-01	gazzetta ufficiale	True	Sicily	Italy	2
2020-10-01	covid 19 map	False	Vermont	United States	2
2020-10-01	governo	True	Lombardy	Italy	1
2020-10-01	fadinmed	True	Sicily	Italy	1
2020-10-01	covid symptoms	False	New Jersey	United States	3
2020-10-01	ministerio de salud	True	Bogota D C	Colombia	100
2020-10-01	durc	True	Sicily	Italy	3
2020-10-01	coronavirus updates	False	Texas	United States	3
2020-10-01	covid 19 symptoms	False	Washington	United States	8
2020-10-01	covid sicilia	False	Sicily	Italy	2
2020-10-01	ndr	True	Saxony	Germany	9
2020-10-01	drudge report 2020	True	Rhode Island	United States	2
2020-10-01	コロナ	True	Hokkaido	Japan	73
2020-10-01	lacrosse county covid19 cases	False	Wisconsin	United States	1
2020-10-01	costco online	True	Vermont	United States	18
2020-10-01	giornale di treviglio	True	Lombardy	Italy	1
2020-10-01	covid oggi	False	Sicily	Italy	3
2020-10-01	worldometer coronavirus	False	Varna	Bulgaria	1
2020-10-01	covid 19	False	Sicily	Italy	1
2020-10-01	worldometer coronavirus	False	Reading	United Kingdom	4
2020-10-01	covid stats	False	New Jersey	United States	1
2020-10-01	covid	False	Sicily	Italy	1
2020-10-01	the range	True	West Lothian	United Kingdom	23
2020-10-01	worldometer	True	Texas	United States	1
2020-10-01	covid 19 tracker	False	Washington	United States	2
2020-10-01	nachrichten aktuell	True	Saxony	Germany	16
2020-10-01	giornale di brescia	True	Lombardy	Italy	26
2020-10-01	wilko	True	Reading	United Kingdom	2
2020-10-01	coronavirus sicilia oggi	False	Sicily	Italy	2
2020-10-01	nationwide building society	True	Glasgow City	United Kingdom	28
2020-10-01	wickes	True	Reading	United Kingdom	17
2020-10-01	coronavirus sicilia	False	Sicily	Italy	17
2020-10-01	direct line	True	Glasgow City	United Kingdom	7
2020-10-01	coronavirus update texas	False	Texas	United States	1
2020-10-01	coronavirus update	False	Ohio	United States	13
2020-10-01	wisconsin coronavirus	False	Texas	United States	1
2020-10-01	waitrose	True	Reading	United Kingdom	17
2020-10-01	coronavirus oggi	False	Sicily	Italy	2
2020-10-01	nachrichten	True	Saxony	Germany	68
2020-10-01	covid 19 symptoms	False	Michigan	United States	7
2020-10-01	universal credit	True	Reading	United Kingdom	7
2020-10-01	covid safe plan	False	Victoria	Australia	4
2020-10-01	williamson county texas	True	Texas	United States	1
2020-10-01	coronavirus italia	False	Sicily	Italy	6
2020-10-01	covid 19 update	False	Washington	United States	10
2020-10-01	gazzetta ufficiale	True	Lombardy	Italy	4
2020-10-01	la crosse county health department	True	Wisconsin	United States	1
2020-10-01	the range	True	Reading	United Kingdom	10
2020-10-01	coronavirus	False	Sicily	Italy	7
2020-10-01	tesco home delivery	True	Reading	United Kingdom	10
2020-10-01	bonus pc 2020	True	Sicily	Italy	4
2020-10-01	coronavirus updates	False	Vermont	United States	1
2020-10-01	covid symptoms	False	Alabama	United States	4
2020-10-01	mined	True	Departamento De San Salvador	El Salvador	1
2020-10-01	el deber	True	Santa Cruz	Bolivia	1
2020-10-01	mundschutz	True	Saxony	Germany	1
2020-10-01	superdrug	True	Reading	United Kingdom	5
2020-10-01	bonus pc	True	Sicily	Italy	8
2020-10-01	gazzetta della martesana	True	Lombardy	Italy	1
2020-10-01	smyths	True	Reading	United Kingdom	1
2020-10-01	pcr検査	True	Hokkaido	Japan	12
2020-10-01	kcc.ky.gov. unemployment services	True	Kentucky	United States	6
2020-10-01	bartolini	True	Sicily	Italy	5
2020-10-01	covid 19 washington state	False	Washington	United States	1
2020-10-01	trump has covid	False	Ohio	United States	2
2020-10-01	covid nj update	False	New Jersey	United States	1
2020-10-01	screwfix	True	Reading	United Kingdom	59
2020-10-01	covid 19	False	Riyadh	Saudi Arabia	1
2020-10-01	autocertificazione covid	False	Sicily	Italy	1
2020-10-01	nclh stock	True	California	United States	1
2020-10-01	coronavirus update	False	Texas	United States	15
2020-10-01	nclh stock	True	New York	United States	1
2020-10-01	sainsburys groceries	True	Reading	United Kingdom	17
2020-10-01	autocertificazione	True	Sicily	Italy	1
2020-10-01	mein schiff	True	Saxony	Germany	1
2020-10-01	fsba	True	Lombardy	Italy	2
2020-10-01	sainsburys	True	Reading	United Kingdom	15
2020-10-01	salud digna	True	Queretaro	Mexico	75
2020-10-01	covid cases	False	Washington	United States	1
2020-10-01	trump coronavirus misinformation	False	Utah	United States	2
2020-10-01	melania trump covid	False	California	United States	1
2020-10-01	phonics play	True	Reading	United Kingdom	5
2020-10-01	monitor fcs	True	Queretaro	Mexico	1
2020-10-01	coronavirus trends	False	Ohio	United States	1
2020-10-01	covid 19 michigan	False	Michigan	United States	2
2020-10-01	pets at home	True	Reading	United Kingdom	7
2020-10-01	mi cuenta infonavit	True	Queretaro	Mexico	100
2020-10-01	mdr aktuell	True	Saxony	Germany	18
2020-10-01	covid roadmap victoria	False	Victoria	Australia	1
2020-10-01	kayleigh mcenany	True	Wisconsin	United States	9
2020-10-01	no time to die	True	Arizona	United States	1
2020-10-01	ocado	True	Reading	United Kingdom	15
2020-10-01	coronavirus update	False	Vermont	United States	20
2020-10-01	infonavit mi cuenta	True	Queretaro	Mexico	88
2020-10-01	francia coronavirus	False	Lombardy	Italy	1
2020-10-01	nationwide building society	True	Reading	United Kingdom	4
2020-10-01	diario oficial de la federación	True	Queretaro	Mexico	25
2020-10-01	covid face masks for sale	False	Washington	United States	2
2020-10-01	covid nj	False	New Jersey	United States	2
2020-10-01	patto di corresponsabilità covid	False	Campania	Italy	1
2020-10-01	coronavirus peru	False	Lima	Peru	1
2020-10-01	mot check	True	Reading	United Kingdom	7
2020-10-01	climss	True	Queretaro	Mexico	63
2020-10-01	urad verejneho zdravotnictva	True	Banskobystricky	Slovak Republic	1
2020-10-01	morrisons	True	Reading	United Kingdom	24
2020-10-01	worldometer coronavirus	False	North Holland	Netherlands	7
2020-10-01	lidl reisen	True	Saxony	Germany	1
2020-10-01	flavio briatore	True	Lombardy	Italy	2
2020-10-01	jyllandsposten	True	Capital Region	Denmark	100
2020-10-01	agirc-arrco	True	Pays De La Loire	France	8
2020-10-01	coronavirus trends	False	Texas	United States	1
2020-10-01	no time to die	True	Iowa	United States	2
2020-10-01	hmrc login	True	Reading	United Kingdom	24
2020-10-01	wasbare mondkapjes	True	North Holland	Netherlands	7
2020-10-01	опик	True	Stara Zagora	Bulgaria	1
2020-10-01	coronavirus utah	False	Utah	United States	6
2020-10-01	halfords	True	Reading	United Kingdom	7
2020-10-01	symptomen coronavirus	False	North Holland	Netherlands	7
2020-10-01	johns hopkins coronavirus dashboard	False	Wisconsin	United States	4
2020-10-01	second stimulus check	True	Utah	United States	37
2020-10-01	covid map	False	Washington	United States	1
2020-10-01	försäkringskassan	True	Kronoberg County	Sweden	100
2020-10-01	coronavirus trend in ohio	False	Ohio	United States	1
2020-10-01	gov.uk	True	Reading	United Kingdom	15
2020-10-01	hope hicks	True	California	United States	100
2020-10-01	sunweb	True	North Holland	Netherlands	4
2020-10-01	covid 19 map	False	Michigan	United States	1
2020-10-01	at&t	True	Vermont	United States	13
2020-10-01	covid in nj	False	New Jersey	United States	1
2020-10-01	covid numbers victoria today	False	Victoria	Australia	3
2020-10-01	landratsamt pirna	True	Saxony	Germany	13
2020-10-01	aftonbladet senaste nytt	True	Kronoberg County	Sweden	1
2020-10-01	fascicolo sanitario lombardia	True	Lombardy	Italy	31
2020-10-01	dvla	True	Reading	United Kingdom	12
2020-10-01	trump coronavirus	False	Berlin	Germany	2
2020-10-01	rivm update	True	North Holland	Netherlands	12
2020-10-01	screwfix	True	South Yorkshire	United Kingdom	100
2020-10-01	nys coronavirus update	False	New York	United States	1
2020-10-01	1177	True	Kronoberg County	Sweden	48
2020-10-01	dunelm	True	Reading	United Kingdom	12
2020-10-01	covid 19 symptoms	False	New Mexico	United States	5
2020-10-01	rivm coronavirus	False	North Holland	Netherlands	23
2020-10-01	nicola sturgeon	True	Dumfries And Galloway	United Kingdom	1
2020-10-01	coronavirus scotland	False	Glasgow City	United Kingdom	43
2020-10-01	debenhams uk	True	Reading	United Kingdom	7
2020-10-01	rivm	True	North Holland	Netherlands	100
2020-10-01	coronavirus trend in texas	False	Texas	United States	2
2020-10-01	john hopkins coronavirus tracker	False	Wisconsin	United States	3
2020-10-01	2nd stimulus check update	True	Vermont	United States	4
2020-10-01	permiso para circular	True	Neuquen	Argentina	1
2020-10-01	landkreis sächsische schweiz osterzgebirge	True	Saxony	Germany	1
2020-10-01	morrisons	True	Dumfries And Galloway	United Kingdom	100
2020-10-01	fascicolo sanitario elettronico lombardia	True	Lombardy	Italy	8
2020-10-01	currys pc world	True	Reading	United Kingdom	22
2020-10-01	rijksoverheid nl	True	North Holland	Netherlands	5
2020-10-01	dvla	True	Dumfries And Galloway	United Kingdom	75
2020-10-01	covid cases	False	New Jersey	United States	1
2020-10-01	cvs covid testing	False	Rhode Island	United States	10
2020-10-01	coventry building society	True	Reading	United Kingdom	7
2020-10-01	rijksoverheid coronavirus	False	North Holland	Netherlands	5
2020-10-01	coronavirus tracker	False	Ohio	United States	1
2020-10-01	coronavirus worldometers	False	Reading	United Kingdom	2
2020-10-01	rijksoverheid	True	North Holland	Netherlands	20
2020-10-01	landkreis meißen	True	Saxony	Germany	3
2020-10-01	covid 19	False	Michigan	United States	7
2020-10-01	sba disaster loans	True	New York	United States	2
2020-10-01	smyths	True	West Lothian	United Kingdom	12
2020-10-01	covid numbers	False	Victoria	Australia	2
2020-10-01	fadinmed	True	Lombardy	Italy	2
2020-10-01	coronavirus uk	False	Reading	United Kingdom	14
2020-10-01	nhg covid	False	North Holland	Netherlands	1
2020-10-01	companies house beta	True	Reading	United Kingdom	15
2020-10-01	coronavirus tracker	False	Texas	United States	1
2020-10-01	nederland wereldwijd	True	North Holland	Netherlands	3
2020-10-01	covid relief bill	False	Washington	United States	1
2020-10-01	williamson county	True	Texas	United States	2
2020-10-01	landkreis görlitz	True	Saxony	Germany	22
2020-10-01	enasarco	True	Lombardy	Italy	5
2020-10-01	john hopkins coronavirus map	False	Wisconsin	United States	1
2020-10-01	companies house	True	Reading	United Kingdom	100
2020-10-01	kn95 masks coronavirus	False	North Holland	Netherlands	3
2020-10-01	boots the chemist	True	Reading	United Kingdom	1
2020-10-01	face masks for coronavirus for sale	False	North Holland	Netherlands	3
2020-10-01	b&q	True	Reading	United Kingdom	12
2020-10-01	salud digna	True	Sinaloa	Mexico	100
2020-10-01	white house briefing	True	Texas	United States	1
2020-10-01	trump twitter	True	Arizona	United States	9
2020-10-01	covid 19 vaccine	False	New Jersey	United States	1
2020-10-01	dashboard coronavirus	False	North Holland	Netherlands	5
2020-10-01	landkreis bautzen	True	Saxony	Germany	9
2020-10-01	emergenza covid	False	Lombardy	Italy	1
2020-10-01	screwfix	True	Dundee City	United Kingdom	100
2020-10-01	covid test	False	North Holland	Netherlands	3
2020-10-01	scottish news	True	Dundee City	United Kingdom	20
2020-10-01	ndr	True	Berlin	Germany	13
2020-10-01	covid face masks for sale	False	North Holland	Netherlands	3
2020-10-01	scottish football	True	Dundee City	United Kingdom	1
2020-10-01	covid 19 masks for sale near me	False	North Holland	Netherlands	3
2020-10-01	coronavirus symptoms	False	Ohio	United States	1
2020-10-01	gesundheitsamt leipzig	True	Saxony	Germany	2
2020-10-01	宮城県コロナウイルス	False	Miyagi	Japan	4
2020-10-01	eduiss corsi fad	True	Lombardy	Italy	1
2020-10-01	covid	False	Michigan	United States	5
2020-10-01	coronavirus texas	False	Texas	United States	2
2020-10-01	worldometer coronavirus	False	Cheshire	United Kingdom	6
2020-10-01	covid live victoria	False	Victoria	Australia	4
2020-10-01	morrisons	True	Dundee City	United Kingdom	20
2020-10-01	covid 19 masks for sale	False	North Holland	Netherlands	7
2020-10-01	trump news	True	Ohio	United States	2
2020-10-01	hmrc login	True	Dundee City	United Kingdom	27
2020-10-01	joe rogan exp podcast	True	Wisconsin	United States	1
2020-10-01	covid 19 face masks for sale near me	False	North Holland	Netherlands	9
2020-10-01	gesundheitsamt dresden	True	Saxony	Germany	5
2020-10-01	infonavit mi cuenta	True	Sinaloa	Mexico	8
2020-10-01	dvla	True	Dundee City	United Kingdom	54
2020-10-01	covid 19 face mask for sale	False	North Holland	Netherlands	3
2020-10-01	covid 19 update	False	New Jersey	United States	6
2020-10-01	eduiss	True	Lombardy	Italy	2
2020-10-01	debenhams uk	True	Dundee City	United Kingdom	27
2020-10-01	patrick mahomes	True	Mississippi	United States	2
2020-10-01	covid 19	False	North Holland	Netherlands	5
2020-10-01	currys pc world	True	Dundee City	United Kingdom	34
2020-10-01	coronavirus symptoms	False	Texas	United States	2
2020-10-01	nba playoffs 2020	True	New York	United States	3
2020-10-01	yakima health district	True	Washington	United States	1
2020-10-01	screwfix	True	North-East Lincolnshire	United Kingdom	100
2020-10-01	covid	False	North Holland	Netherlands	10
2020-10-01	erzgebirgskreis	True	Saxony	Germany	11
2020-10-01	covid 19 scotland	False	Dundee City	United Kingdom	20
2020-10-01	coronavirus update	False	North Holland	Netherlands	3
2020-10-01	ebipro	True	Lombardy	Italy	1
2020-10-01	coronavirus scotland	False	Dundee City	United Kingdom	67
2020-10-01	nfl covid	False	Arizona	United States	1
2020-10-01	coronavirus nederland	False	North Holland	Netherlands	1
2020-10-01	companies house	True	Dundee City	United Kingdom	60
2020-10-01	coronavirus n95 face mask for sale	False	North Holland	Netherlands	3
2020-10-01	coronavirus statistics ohio	False	Ohio	United States	1
2020-10-01	covid stats	False	Washington	United States	1
2020-10-01	irs.gov/eip	True	Wisconsin	United States	2
2020-10-01	covid 19	False	Saxony	Germany	7
2020-10-01	costco online	True	Michigan	United States	13
2020-10-01	https://climss.imss.gob.mx	True	Sinaloa	Mexico	1
2020-10-01	nhs inform	True	Glasgow City	United Kingdom	44
2020-10-01	covid live australia	False	Victoria	Australia	3
2020-10-01	b&q	True	Dundee City	United Kingdom	34
2020-10-01	coronavirus masks for sale near me	False	North Holland	Netherlands	3
2020-10-01	durc	True	Lombardy	Italy	2
2020-10-01	coronavirus.utah.gov	False	Utah	United States	2
2020-10-01	1177	True	Kalmar County	Sweden	85
2020-10-01	worldometer coronavirus	False	Dorset	United Kingdom	5
2020-10-01	coronavirus face masks for sale	False	North Holland	Netherlands	3
2020-10-01	covid 19 tracker	False	New Jersey	United States	1
2020-10-01	wilko	True	Dorset	United Kingdom	5
2020-10-01	coronavirus	False	North Holland	Netherlands	5
2020-10-01	ordinanza regione campania	True	Campania	Italy	3
2020-10-01	jobcentre online	True	Ballymena	United Kingdom	1
2020-10-01	coronavirus sachsen	False	Saxony	Germany	4
2020-10-01	dati covid oggi	False	Lombardy	Italy	1
2020-10-01	wickes	True	Dorset	United Kingdom	15
2020-10-01	ad.nl	True	North Holland	Netherlands	18
2020-10-01	slimming world	True	South Yorkshire	United Kingdom	2
2020-10-01	coronavirus statistics in united states	False	Texas	United States	1
2020-10-01	nba playoffs 2020	True	Iowa	United States	4
2020-10-01	xfl	True	Washington	United States	3
2020-10-01	hippa laws 2020	True	California	United States	1
2020-10-01	waitrose	True	Dorset	United Kingdom	13
2020-10-01	svt nyheter	True	Norrbotten	Sweden	34
2020-10-01	travis perkins	True	Dorset	United Kingdom	1
2020-10-01	socialstyrelsen	True	Norrbotten	Sweden	3
2020-10-01	coronavirus deutschland	False	Saxony	Germany	1
2020-10-01	dati coronavirus oggi	False	Lombardy	Italy	2
2020-10-01	irs stimulus check	True	Wisconsin	United States	3
2020-10-01	the range	True	Dorset	United Kingdom	15
2020-10-01	nyheter idag	True	Norrbotten	Sweden	1
2020-10-01	specsavers	True	Dorset	United Kingdom	3
2020-10-01	ni news	True	Ballymena	United Kingdom	1
2020-10-01	coronavirus statistics in united states	False	Ohio	United States	1
2020-10-01	försäkringskassan	True	Norrbotten	Sweden	76
2020-10-01	covid symptoms	False	Washington	United States	4
2020-10-01	somerset live	True	Dorset	United Kingdom	1
2020-10-01	coronavirus worldometer	False	Michigan	United States	1
2020-10-01	screwfix	True	Halton	United Kingdom	100
2020-10-01	neck gaiter	True	California	United States	1
2020-10-01	covid live	False	Victoria	Australia	42
2020-10-01	aftonbladet senaste nytt	True	Norrbotten	Sweden	47
2020-10-01	coronavirus	False	Saxony	Germany	1
2020-10-01	covid veneto	False	Lombardy	Italy	1
2020-10-01	screwfix	True	Dorset	United Kingdom	100
2020-10-01	コロナ	True	Fukuoka	Japan	40
2020-10-01	covid 19 symptoms	False	New Jersey	United States	4
2020-10-01	1177	True	Norrbotten	Sweden	100
2020-10-01	waitrose	True	Windsor And Maidenhead	United Kingdom	6
2020-10-01	coronavirus statistics in texas	False	Texas	United States	2
2020-10-01	sainsburys groceries	True	Dorset	United Kingdom	15
2020-10-01	worldometer coronavirus	False	Bratislavsky	Slovak Republic	38
2020-10-01	face shields	True	Alabama	United States	1
2020-10-01	screwfix	True	Ballymena	United Kingdom	100
2020-10-01	travis perkins	True	Windsor And Maidenhead	United Kingdom	30
2020-10-01	sainsburys	True	Dorset	United Kingdom	8
2020-10-01	urad verejneho zdravotnictva	True	Bratislavsky	Slovak Republic	88
